question,answer,chapter
約200万年前から１万年前の更新世（洪積世）で，４回の氷期と３回の間氷期が繰り返された時代を何というか。,氷河時代,第1章
現生人類を新人というが，静岡県浜松市で発見された新人段階の人骨を何というか。, 浜北人骨,第1章
現生人類を新人というが，沖縄県八重瀬町で発見された新人段階の人骨を何というか。,湊川人骨,第1章
更新世の頃，石器を道具として使用し，おもに採取・狩猟を行っていた時代を何というか。,旧石器時代,第1章
1946年に相沢忠洋が石器を発見し，後の学術調査で日本における３の文化の存在を初めて証明した群馬県の関東ローム層の遺跡は何か。,岩宿遺跡,第1章
更新世から完新世にいたる頃に始まった，食料採取を主としつつも，土器や磨製石器を使うようになった文化を何というか。,縄文文化,第1章
縄文時代を草創期～晩期の６期に区分する指標となる，表面に縄目文様が施された厚手で黒褐色の土器を何というか。,縄文土器,第1章
狩猟に用いられた弓矢の，矢の先端につけられた打製石器を何というか。,石鏃,第1章
銛や釣針に使用した，動物の骨・牙・角などで作られた道具は何か。,骨角器,第1章
地面を掘り，掘立柱に草葺の屋根をかけた住居を何というか。,竪穴住居,第1章
集合住居と考えられる大型の住居や大型の掘立柱建物の遺構が発見された，青森市の縄文時代中期の大規模集落遺跡は何か。,三内丸山遺跡,第1章
縄文時代晩期に水稲耕作が行われていたことを示す遺跡で，佐賀県唐津市にある遺跡はそれぞれ何か。,菜畑遺跡,第1章
縄文時代の人びとが捨てた貝殻などの堆積した場所で，生活廃棄物や通常残りにくい人骨･獣骨等が発見される遺跡を何というか。,貝塚,第1章
1877年にアメリカ人モースが発掘した13の遺跡を何というか。,大森貝塚,第1章
長野県和田峠などで多く産出し，石器の材料としてよく用いられたために，広く交易の対象となった火山岩は何か。,黒曜石,第1章
大阪と奈良の二上山などに分布し，香川県白峰山・金山などに多産するため讃岐石とも呼ばれる，石器の材料となった安山岩は何か。,サヌカイト,第1章
新潟県糸魚川市の姫川流域を特産とする，勾玉などの装身具に加工された半透明緑色の石は何か。,ヒスイ/硬玉,第1章
あらゆる自然物や自然現象に霊威を認め，それを恐れ崇めた信仰を何というか。,アニミズム/精霊崇拝,第1章
成人の通過儀礼と考えられる，犬歯や門歯を抜き取る風習は何か。,抜歯,第1章
死者の手足を強く折り曲げて葬った埋葬の形式を何というか。,屈葬,第1章
更新世の頃，大陸から日本に渡った大型動物には，マンモスやヘラジカ，オオツノジカの他，何がいたか。,ナウマンゾウ/トウヨウゾウ,第1章
棒の先端につけて刺突具として用いたり，切る・削る作業で加工具として用いたりしたと考えられる，片刃の打製石器を何というか。,ナイフ形石器,第1章
漁労に使用するために丸木を火で焼き，内部をくりぬいた舟は何か。,丸木舟,第1章
縄文土器が出土した千葉市にある日本最大の貝塚は何か。,加曽利貝塚,第1章
武器の一種や生殖器崇拝の表れとも考えられる棒状の石器は何か。,石棒,第1章
つまみ状の突起がある，動物の解体などに用いた打製石器は何か。,石匙,第1章
木の実などをすり潰すために，すり石と併せて使われた石器は何か。,石皿,第1章
神秘的なものの力を借りて，厄災を避けることや豊かな収穫を得ることなどの現象を起こそうとする行為を何というか。,呪術,第1章
遺跡などの年代を特定するために日本でよく使われる年代測定法を２つ答えよ。,年輪年代法/炭素14年代法,第1章
水稲耕作や金属器の使用などが特徴的な，紀元前４世紀～紀元後３世紀中頃まで栄えた文化を何というか。,弥生文化,第1章
表面が赤褐色で，薄くて硬いという特徴をもつ弥生土器の中で，食物を盛るためにつくられた脚付きの土器を何というか。,高杯/高坏,第1章
弥生土器は貯蔵用の壺のほか，煮沸用として何が多く作られたか。,甕,第1章
祭器・宝器として用いられた青銅器のうち，近畿地方に多く分布し，表面に農耕の場面などが描かれた日本独特の釣鐘形の青銅器は何か。,銅鐸,第1章
瀬戸内海周辺に多く分布し，武器としてではなく祭器として用いられた青銅器は何か。,平形銅剣,第1章
九州地方に銅戈とともに多く分布し，刺突武器や祭器として用いられた青銅器を何というか。,銅矛,第1章
朝鮮・中国からの舶載品で魔除や権威の象徴とされた青銅器は何か。,銅鏡,第1章
木製農具を製作するための斧，鉇，刀子などの道具を何というか。,鉄製工具,第1章
弥生時代前期に低湿地で営まれた湿田に対し，中期以降に鉄製農具の普及により開発が進められた，灌漑施設をもつ田を何というか。,半乾田,第1章
水田に入る際に足が沈まないように履いた大型の板を何というか。,田下駄,第1章
通常２つの穴を持つ半円形の，朝鮮半島とも共通する大陸系の石器である石包丁（石庖丁）を使って，稲穂を摘む収穫方法を何というか。,穂首刈り,第1章
収穫物を貯蔵するために床を高くした掘立柱の建物を何というか。,高床倉庫,第1章
脱穀のために木臼とともに用いた木製農具を何というか。,竪杵,第1章
1943年に発見され，矢板で作った畦道・水路などの遺構や多くの農具などの遺物が見つかった静岡県静岡市にある遺跡は何か。,登呂遺跡,第1章
佐賀県の吉野ヶ里遺跡や奈良県の唐古・鍵遺跡に代表される，周囲を濠や土塁で囲んだ防衛的機能を持つ集落を何というか。,環濠集落,第1章
香川県の紫雲出山遺跡のように山頂・丘陵上に営まれた集落を何というか。,高地性集落,第1章
九州北部に多く見られる，死者を大型の甕に入れて埋葬した墓を何というか。,甕棺墓,第1章
墳丘墓には円形の墳丘の両端が突出した岡山県の楯築墳丘墓，方形の四隅がそれぞれ張り出した山陰地方の四隅突出型墳丘墓などがあるが，方形の墳丘の周囲に溝をめぐらした墓を何というか。,方形周溝墓,第1章
縄文時代の屈葬に対して，弥生時代に多く見られた死者の両脚を伸ばして葬る埋葬方法は何か。,伸展葬,第1章
弥生時代に各地に形成された，政治的なまとまりを持つ小集団のことを「ムラ」や「クニ」というが，こうした段階を総称して何というか。,小国,第1章
水田に籾を直接蒔く方法を何というか。,直播,第1章
自然物や自然現象を対象とした，農耕の無事・豊作を願う宗教的儀礼は何か。,農耕儀礼,第1章
東日本最古の水田跡が発見された，青森県弘前市にある遺跡は何か。,砂沢遺跡,第1章
奈良県田原本町で発見された，日本最大級の環濠集落は何か。,唐古/鍵遺跡,第1章
二重の濠や望楼が備えられ墳丘墓があった佐賀県の遺跡は何か。,吉野ヶ里遺跡,第1章
青銅製祭器の作製・使用・分布に新たな問いを提起することになった，島根県出雲市斐川町の遺跡は何か。,荒神谷遺跡,第1章
九州北部でよく見られる，大型の平らな石を数個の支石で支えた墓を何というか。,支石墓,第1章
３世紀中頃～後半頃に西日本各地で出現した，大きな墳丘を築き，その斜面に葺石を敷くなどした豪族の墓を何というか。,古墳,第2章
奈良県大和地方を中心に成立した有力豪族の連合政権を何というか。,ヤマト政権,第2章
近畿地方を中心に多く造られ，その分布や規模が２の政権の発展過程と密接な関係があるとされる墳墓を何というか。,前方後円墳,第2章
棺の中に遺体とともにおさめられた，その遺体の人物の社会的地位が推測できる品物を何というか。,副葬品,第2章
邪馬台国論争の重要な資料である，前期古墳の副葬鏡は何か。,三角縁神獣鏡,第2章
１に並べられた，円筒と形象に大別される素焼きの土製品は何か。,埴輪,第2章
古墳時代前～中期の高塚式古墳に多くみられた内部構造で，遺体・遺物を長方形の石室に埋葬後，封土を盛ったつくりを何というか。,竪穴式石室,第2章
古墳時代前～中期に見られ，石室を造らずに木棺の外を粘土によって厚く固めたものを何というか。,粘土槨,第2章
古墳時代後期の高塚式古墳にみられた，遺体を安置した玄室と外部を羨道でつなぎ，追葬を可能にした内部構造を何というか。,横穴式石室,第2章
大阪府堺市にある百舌鳥古墳群の中心をなす前方後円墳は何か。,大仙陵古墳,第2章
大阪府羽曳野市にある古市古墳群の中心をなし，応神天皇陵とされる前方後円墳は何か。,誉田御廟山古墳,第2章
天皇という称号が使われる前，２の政権の首長は何と呼ばれたか。,大王,第2章
前１世紀に鴨緑江沿岸に建国し，313年には楽浪郡を滅ぼして朝鮮半島北部まで領有した国は何か。,高句麗,第2章
345年頃，馬韓50余国を統一して建国した，日本との親交が深く，大陸文化の伝来に大きく影響した国は何か。,百済,第2章
356年，朝鮮半島南部の辰韓12国を統一して建国し，のちに唐と結んで朝鮮半島を統一した国は何か。,新羅,第2章
２の政権が４世紀末から５世紀初めに13の国と交戦した際の様子を伝える，中国吉林省集安市にある記念碑は何か。,広開土王碑/好太王碑,第2章
大陸での争乱を避け，朝鮮半島経由で渡来して２の政権に貢献した人びとを何というか。,渡来人,第2章
渡来人について，『論語』・『千字文』を伝えたとされる西文氏の祖は，それぞれ誰か。,王仁,第2章
石室の壁面や石棺に彩色画や彫刻などを施した古墳を何というか。,装飾古墳,第2章
小さい前方後円墳や円墳などが多数集まった，有力な農民の台頭をあらわす古墳群を何というか。,群集墳,第2章
６世紀頃，百済から来日し儒教を伝えた者たちを何というか。,五経博士,第2章
最古の金石文が記された，奈良県天理市石上神宮の神宝は何か。,石上神宮七支刀,第2章
漢字の銘文がある，和歌山県橋本市隅田八幡神社の青銅鏡は何か。,隅田八幡神社人物画像鏡,第2章
三重県伊勢市にある天照大神を祀る神社は何か。,伊勢神宮,第2章
大社造の本殿がある島根県出雲市の大国主神を祀る神社は何か。,出雲大社,第2章
奈良県桜井市の三輪山を神体として大物主神を祀る神社は何か。,大神神社,第2章
福岡県宗像市の宗像大社を構成する沖津宮として海上交通の神が祀られ，巨岩群を中心に４～９世紀の祭祀遺跡が分布する島は何か。,沖ノ島,第2章
６世紀半ばにまとめられたとされる大王の系譜を何というか。,帝紀,第2章
６世紀半ばにまとめられたとされる朝廷の伝承・説話を何というか。,旧辞,第2章
ろくろで成形し，のぼり窯により高温で焼き上げるなど朝鮮伝来の技法で作られ，祭祀などに使われた灰色で硬質の土器は何か。,須恵器,第2章
弥生土器の製法で作られ，日用品として使われた赤色の土器は何か。,土師器,第2章
春に五穀豊穣を祈る祭りをそれぞれ何というか。,祈年の祭り,第2章
川や海など水の中に入り心身の穢れを洗い清めることをそれぞれ何というか。,禊,第2章
ヤマト政権が中央・地方の豪族を支配下に組み入れるために作った政治的身分制度は何か。,氏姓制度,第2章
血族を中心に構成された同族集団を氏というが，そのなかで氏人らを統率したものを何というか。,氏上,第2章
大王が家柄や職業に応じて豪族に与えた姓（カバネ）のうち，葛城氏・巨勢氏・蘇我氏など地名を氏の名とした有力豪族に与えられたものは何か。,臣,第2章
蘇我氏のような，７の姓の最有力者に任じられた地位は何か。,大臣,第2章
大伴氏・物部氏・中臣氏・忌部氏など特定の職能を氏の名とした有力豪族に与えられた姓（カバネ）は何か。,連,第2章
大伴氏・物部氏など，９の姓の最有力者に任じられた地位は何か。,大連,第2章
地方支配を任された有力な地方豪族に与えられ，軍事的な役割も担った官職を何というか。,国造,第2章
527年，ヤマト政権が朝鮮南部に派遣しようとした軍を，新羅と結んだ筑紫国造が妨害して，翌年鎮圧された戦乱を何というか。,磐井の乱,第2章
仏教受容問題や皇位継承をめぐって対立した蘇我馬子と争い，587年に敗死した人物は誰か。,物部守屋,第2章
軍事・財政・祭祀などの職務で朝廷に奉仕する官人を伴というが，それを率いる首長を何というか。,伴造,第2章
伴造の首長に従い，それぞれの職能で奉仕した錦織部・韓鍛冶部・陶作部（陶部）・鞍作部などの集団を何というか。,品部,第2章
大王家の直轄民で，大王家一族の生活を支えた部民を何というか。,子代/名代,第2章
倉庫の意味から転じたもので，ヤマト政権が各地に設けた直轄地を何というか。,屯倉,第2章
古墳時代の有力な豪族らが所有し，農業経営を行い経済的基盤とした私有地は何か。,田荘,第2章
田荘を耕作した，有力な豪族らの私有民を何というか。,部曲,第2章
氏や氏を構成する家々で，奴隷として使われていた階層は何か。,ヤツコ/奴,第2章
熱湯に手を入れさせて真偽を判断する神判方法を何というか。,盟神探湯,第2章
鹿の骨などを焼いて水を打ち，ひびの形で吉凶を占う儀式は何か。,太占の法,第2章
512年，百済の求めに応じて加耶西部（任那四県）を割譲し，のちにこれを失政と非難されて540年に失脚した大連は誰か。,大伴金村,第2章
物部尾輿と崇仏論争で争った，蘇我氏台頭の礎を築いた人物は誰か。,蘇我稲目,第2章
蘇我氏の一族が管理した斎蔵・内蔵・大蔵を総称して何というか。,三蔵,第2章
7世紀中頃には，近畿の大王の墓にのみ特有の形の墳墓が造営されたが，それを何というか。,八角墳,第2章
大臣の蘇我馬子が大連の物部守屋を滅ぼしたのちに擁立した天皇で，592年に対立を深めた蘇我馬子により暗殺された人物は誰か。,崇峻天皇,第2章
592年に初の女性の天皇として即位した，敏達天皇の后であった人物は誰か。,推古天皇,第2章
叔母である２の天皇に取り立てられ，蘇我馬子と協力して政治改革にあたった人物は誰か。,厩戸王/聖徳太子,第2章
603年に制定され，氏族ではなく個人の能力や功績によって冠位が与えられた，人材登用のための官位制度を何というか。,冠位十二階,第2章
604年に制定された，仏教の理念を取り入れて役人としての心構えを説いたものは何か。,憲法十七条,第2章
推古天皇の天皇の時代に，中国の隋に派遣された外交使節を何というか。,遣隋使,第2章
遣隋使の使節として，607年に中国皇帝に臣属しない形式をとった国書を隋に持参し，翌年に答礼使の裴世清と共に帰国した人物は誰か。,小野妹子,第2章
７世紀前半，仏教の広まりとともに蘇我氏や王族が担い手となった，仏教色の強い文化を何というか。,飛鳥文化,第2章
氏族一門によって建立され，帰依を受けた寺を何というか。,氏寺,第2章
蘇我馬子の発願により建立された，本格的な伽藍を持ち別名法興寺とも呼ばれた寺院を何というか。,飛鳥寺,第2章
厩戸王が物部守屋との戦いの勝利を祈願し，成就したために建立した寺院を何というか。,四天王寺,第2章
厩戸王の撰と伝えられる，法華経・勝鬘経・維摩経の注釈書を何というか。,三経義疏,第2章
厩戸王の人物の発願によって建立された，金堂や五重塔などを持ち別名斑鳩寺とも呼ばれる寺院は何か。,法隆寺,第2章
法隆寺金堂釈迦三尊像など，杏仁形の目や仰月形の唇などの特徴をもつ北魏様式の像を作製し，止利仏師といわれた人物は誰か。,鞍作鳥,第2章
鞍作鳥の人物の作で，俗に飛鳥大仏とよばれる現存最古の仏像は何か。,飛鳥寺釈迦如来像,第2章
片足を腿の上に乗せて手を頬にあてた百済・中国南朝様式の木製の仏像で，①３の人物が建立した奈良県生駒郡斑鳩町の寺の仏像と，②秦氏の９の寺院である京都府京都市太秦の寺の仏像はそれぞれ何か。,"① 中宮寺半跏思惟像
② 広隆寺半跏思惟像",第2章
飛鳥・白鳳文化期に多く作られた，銅像に鍍金を施した仏像は何か。,金銅像,第2章
厩戸王の没後に，妃の橘大郎女が３の人物の往生した世界を表現するためにつくらせた，中宮寺蔵の絵画刺繍は何か。,天寿国繍帳,第2章
602年に渡来し，暦法・天文・地理の書を伝えた百済の僧は誰か。,観勒,第2章
610年に渡来し，絵の具・紙墨の技法を伝えた高句麗の僧は誰か。,曇徴,第2章
明治初年のフェノロサらの調査で解明された法隆寺の秘仏は何か。,法隆寺夢殿救世観音像,第2章
父親である蘇我蝦夷とともに権力をふるい，有力な皇位継承候補であった山背大兄王を自殺に追い込んだ人物は誰か。,蘇我入鹿,第3章
中大兄皇子（のちの天智天皇）らが１の人物を暗殺し，さらには蘇我蝦夷を自殺に追い込んだ，645年の政変を何というか。,乙巳の変,第3章
645年の２の政変にはじまり，改新の詔による公地公民制への移行など，天皇中心の中央集権国家を目指した一連の政治改革は何か。,大化改新,第3章
乙巳の変を行った中大兄皇子と中臣鎌足が，皇極天皇の次に擁立した天皇は誰か。,孝徳天皇,第3章
大化改新の改革で，政治顧問である国博士となった①留学生とはそれぞれ誰か。,"① 高向玄理
② 旻",第3章
663年，倭が百済再興の救援のため朝鮮半島まで出兵し，唐・新羅の連合軍に大敗した戦いを何というか。,白村江の戦い,第3章
皇極天皇の重祚である斉明天皇の死後，中大兄皇子が667年に遷都して天智天皇として即位した宮はどこか。,近江大津宮,第3章
670年に天智天皇の下で作成された，最初の全国的な戸籍は何か。,庚午年籍,第3章
672年に起きた，皇位継承をめぐる大海人皇子と大友皇子の争いを何というか。,壬申の乱,第3章
大海人皇子は673年に飛鳥浄御原宮で即位したが，何天皇というか。,天武天皇,第3章
天武天皇が684年に定めた，豪族層の新しい身分秩序は何か。,八色の姓,第3章
天武天皇の時に編纂され，持統天皇が689年に施行した令は何か。,飛鳥浄御原令,第3章
戸籍である庚寅年籍を作成した持統天皇は，中国の都城にならった本格的な宮都に遷都したが，その宮都を何というか。,藤原京,第3章
刑部親王や藤原不比等らによって編集され，文武天皇の時代の701年に完成した律令を何というか。,大宝律令,第3章
718年に藤原不比等らにより編纂され，757年に藤原仲麻呂が施行した律令を何というか。,養老律令,第3章
律令制度下で神々の祭祀をつかさどる官庁を何というか。,神祇官,第3章
律令制度下で行政全般を管轄する官庁を何というか。,太政官,第3章
太政大臣や左・右大臣，大納言，参議など三位以上の高官を総称して何というか。,公卿,第3章
都を中心とする，大和・河内・摂津・山背に後から和泉も加えられ，五畿ともよばれた地域を何というか。,畿内,第3章
大陸・朝鮮半島との外交や軍事の要地であった九州北部に置かれて西海道を統轄した，「遠の朝廷」とも呼ばれた機関を何というか。,大宰府,第3章
隋・唐に留学して得た新知識を，中大兄皇子やのちに内臣となった中臣鎌足に教授し，大化改新に大きな影響を与えた学問僧は誰か。,南淵請安,第3章
蘇我入鹿の従兄弟で，中大兄皇子側につき右大臣となった人物は誰か。,蘇我倉山田石川麻呂,第3章
北方の蝦夷に対する最前線の基地として，孝徳天皇の時代に二つの城柵が築かれたが，それは磐舟柵と何か。,渟足柵,第3章
658～660年ごろ，大船団を組織し津軽方面に遠征した人物は誰か。,阿倍比羅夫,第3章
斉明天皇の死後に中大兄皇子がとった，天皇不在の状態で即位式を挙げずに政治を執り行うことを何というか。,称制,第3章
中臣鎌足らによって編集され668年に完成したとされる令は何か。,近江令,第3章
令は古代の行政法や民法にあたるが，律は何にあたるか。,刑法,第3章
天皇を中心として，律令・格式により運営される国家を何というか。,律令国家,第3章
中央貴族が派遣されて地方一国を統治した国司は，のちに国衙とよばれるようになる役所を拠点としたが，この役所を何というか。,国府,第3章
国司の下で郡の民政・裁判にあたった，旧国造など各地の伝統的な地方豪族や有力農民から任命された役人を何というか。,郡司,第3章
各役所の幹部を職務に応じて，長官（かみ）・次官(すけ)・判官(じょう）・主典(さかん）の四階級に分けた制度を何というか。,四等官制,第3章
正一位が太政大臣に任じられる，といったように，官人がその位階の等級に応じて官職に任命された制度を何というか。,官位相当制,第3章
三位以上の貴族の子と孫，及び五位以上の貴族の子には，祖父や父の位階に応じて初めから一定の位階が与えられる制度を何というか。,蔭位の制,第3章
律令下の刑罰である「笞・杖・徒・流・死」は，総称して何とよばれたか。,五刑,第3章
貴族でも減免の特権を適用されなかった，天皇・国家・尊属に対する罪などの特に重いとされた八つの罪を総称して何というか。,八虐,第3章
６年ごとに作成され，人民の把握や班田収授に用いられた基本台帳を何というか。,戸籍,第3章
土地を一辺360歩の正方形に区画する制度を何というか。,条里制,第3章
税負担の中心とされた，21～60歳までの男性を何というか。,正丁,第3章
正丁の男性が負う課役の２分の１を負担した，61～65歳の男性を何というか。,次丁,第3章
班田収授法により，６歳以上の男女に班給され，本人が死ぬと６年ごとの班年（６年１班）に回収された田を何というか。,口分田,第3章
班給された田地に課せられ，収穫の３％程度の稲（田１段につき稲２束２把）をおさめる税を何というか。,租,第3章
後に主要な国家財源となったため租税化された，春に種稲を貸し付け，秋に利息とともに稲を徴収する制度を何というか。,出挙,第3章
運脚とよばれる人夫が朝廷まで運んで納める，絹・糸・布や諸国の産物からなる税を何というか。,調,第3章
京での労役が規定された歳役の代わりに，運脚が布を朝廷まで運んで納める税を何というか。,庸,第3章
調・庸を徴収するため，毎年作成された台帳は何か。,計帳,第3章
年60日を限度として，国司が農民らを国府の仕事や水利工事などに奉仕させる重い労役を何というか。,雑徭,第3章
成年男子の3～4人に1人が徴発されて兵士となり，各地に交代で兵役に就くが，兵士が所属した諸国の軍事組織を何というか。,軍団,第3章
任期１年で，衛門府や左・右衛士府に配属され，宮門の警備を行うために上京させられる兵士を何というか。,衛士,第3章
主に東国の兵士から選ばれ，九州沿岸を防備した兵士を何というか。,防人,第3章
律令では人民は良民と賤民に分けられ，賤民は官有の陵戸・官戸・公奴婢，私有の家人・私奴婢の五つとされたが，その総称は何か。,五色の賤,第3章
律令制度下において，京を管轄した官職を何というか。,左/右京職,第3章
難波宮などがあり政治・交通の要である摂津におかれた官職は何か。,摂津職,第3章
口分田のように税を納める義務のある田を何というか。,輸租田,第3章
凶作に備えて，毎年粟などを備蓄しておく制度を何というか。,義倉,第3章
五位以上の位階を持つ者に与えられた田を何というか。,位田,第3章
大臣や大納言など高位の官職に与えられた田を何というか。,職田,第3章
先進的な政治制度や国際的な文化などを日本にもたらした，日本から唐へ派遣された正式な外交使節を何というか。,遣唐使,第3章
遣唐使として，630年に初めて渡海した人物は誰か。,犬上御田鍬,第3章
遣唐使では留学生として唐に渡り，唐の玄宗皇帝に重用されて長安で亡くなった人物は誰か。,阿倍仲麻呂,第3章
唐や新羅との対抗関係によって日本と通交を頻繁にした，東満洲・沿海州に栄えた国はどこか。,渤海,第3章
文武天皇の死後，707年に即位した元明天皇が710年に遷都した，唐の都長安を模範とした都を何というか。,平城京,第3章
天皇の居所としての宮殿を何というか。,内裏,第3章
内裏の中央を南北に走り，東側を左京，西側を右京に分ける大路を何というか。,朱雀大路,第3章
内裏のように，東西の大路（条）と南北の大路（坊）を碁盤の目のように組み合わせて土地を区画する制度を何というか。,条坊制,第3章
内裏のうち東側に張り出した部分で，興福寺や元興寺など有力寺院があった所を何というか。,外京,第3章
荷札などに使用された，文字が墨書された木札を何というか。,木簡,第3章
左京・右京の市である東市・西市を管理し，左・右京職に属した機関を何というか。,市司,第3章
駅制において，都と地方の国府を結ぶ官道の約16ｋｍごとに置かれ，駅馬を配した施設は何か。,駅家,第3章
７世紀の天武天皇の頃に鋳造された銭貨は何か。,富本銭,第3章
708年に，唐の開元通宝に倣って鋳造された銭貨は何か。,和同開珎,第3章
和同開珎から958年の乾元大宝までの，12種類の銅銭を総称して何というか。,本朝十二銭/皇朝十二銭,第3章
711年に銭貨の流通を促すため，銭の蓄量に合わせて位階を与えたとされる法令を何というか。,蓄銭叙位令,第3章
708年頃に城柵を設け，その後712年に越後北部と陸奥の一部を割いて建国した，日本海側の拠点となった国を何というか。,出羽国,第3章
東北地方の住民である蝦夷を経営する根拠地となった，陸奥国に設置された役所は何か。,鎮守府,第3章
724年に築かれた，18の役所と陸奥国府が置かれて太平洋側における古代東北支配の拠点となった城柵を何というか。,多賀城,第3章
８世紀初めに薩摩国，大隅国が置かれて中央政府による支配が強化された，南九州の住民を何というか。,隼人,第3章
出羽国の城柵である出羽柵に置かれたとされる国府は，その後さらに北方の城柵に移されたが，何という城柵に移されたか。,秋田城,第3章
富本銭が鋳造された工房跡と，400点あまりの富本銭が発見された遺跡を何というか。,飛鳥池遺跡,第3章
大宝律令・養老律令の編纂を行った右大臣藤原不比等の死後，聖武天皇即位時に左大臣となって政権を担当した天武天皇の孫は誰か。,長屋王,第3章
長屋王が，729年に自殺に追い込まれた事件を何というか。,長屋王の変,第3章
南家・北家・式家・京家の祖で，光明子を人臣で初めて皇后にするなど，藤原氏の勢力を強めた不比等の子らを総称して何というか。,藤原四子,第3章
藤原四子が天然痘であいついで病死したのちに，聖武天皇の下で政権を担当した皇族出身の人物は誰か。,橘諸兄,第3章
橘諸兄政権に顧問として吉備真備とともに参画した，護国仏教の確立に尽力した法相宗の僧は誰か。,玄昉,第3章
玄昉と吉備真備を排斥しようとした740年の反乱は何か。,藤原広嗣の乱,第3章
藤原広嗣の乱や災害などによる政治的不安から，次々と遷都が行われたが，平城京の次に遷都された山背の都はどこか。,恭仁京,第3章
東大寺・法華寺を総国分寺・総国分尼寺として，国ごとに僧寺・尼寺を設置し，国家の平安を祈らせようとした741年の詔は何か。,国分寺建立の詔,第3章
743年，聖武天皇が近江の紫香楽宮で出した，盧舎那仏像を造り国家の安定をはかろうとした詔は何か。,大仏造立の詔,第3章
聖武天皇と光明皇后の皇女で，大仏開眼供養を行った天皇は誰か。,孝謙天皇,第3章
藤原武智麻呂の子で，10の天皇の時代に光明皇太后の信任を得て権勢を強め，淳仁天皇より恵美押勝の名を賜った人物は誰か。,藤原仲麻呂,第3章
757年，道鏡の打倒を計画して捕えられ，獄死した人物は誰か。,橘奈良麻呂,第3章
孝謙天皇に信任され太政大臣禅師や法王となった僧は誰か。,道鏡,第3章
恵美押勝の乱を経て権勢を強めた13の僧に，10の人物が重祚した称徳天皇が皇位を譲ろうとして，周囲に阻止された事件を何というか。,宇佐八幡神託事件,第3章
宇佐八幡宮神託事件で神託を偽りと報告し，後に平安京遷都を進言した人物は誰か。,和気清麻呂,第3章
天武天皇系の皇統である称徳天皇の死後，式家の藤原百川の尽力により即位した，天智天皇の孫にあたる天皇は誰か。,光仁天皇,第3章
困窮した農民には，行き先不明で納税せず，地方豪族などのもとに身を寄せる者が現れたが，これらの行為をそれぞれ何というか。,逃亡,第3章
722年の百万町歩の開墾計画に続いて，723年に出された開墾を奨励した法令を何というか。,三世一身法,第3章
743年，新たに開墾された田地（墾田）について，身分による面積の制限を設定しつつも，永久私有を認めた法令を何というか。,墾田永年私財法,第3章
墾田永年私財法により，有力な貴族や寺院が付近の一般農民や浮浪人を使って開墾して拡大した荘園を特に何というか。,初期荘園,第3章
藤原四家の祖のうち，北家の祖はそれぞれ誰か。,房前,第3章
竪穴住居にかわり，８世紀頃から普及しはじめた住居は何か。,掘立柱住居,第3章
男性が女性の家に通う婚姻形態を何というか。,妻問婚,第3章
唐初期の文化の影響を受けた，７世紀後半から平城京遷都の時期までの，清新で明るく若々しい特徴を持つ文化を何というか。,白鳳文化,第3章
釈迦・阿弥陀・弥勒・薬師の四浄土を描いた法隆寺の壁画は何か。,法隆寺金堂壁画,第3章
のちの南都七大寺の一つで，天武天皇が皇后（のちの持統天皇）の病気平癒を祈って創建した，裳階つきの三重塔がある寺院は何か。,薬師寺,第3章
もとは685年につくられた山田寺の薬師三尊像の本尊であったとされる，仏像の頭部を何というか。,興福寺仏頭,第3章
奈良県の明日香村で発見された，古墳の石室の内壁にあざやかな色彩で描かれた壁画を何というか。,高松塚古墳壁画,第3章
天智天皇の時代を中心に，確かな技巧と格調の高さを持つ歌を詠み，『万葉集』に十余首の長歌・短歌が収録された女性の歌人は誰か。,額田王,第3章
持統天皇の時代を中心に，力強く雄大な長歌や天皇の権威を称える歌を詠み，『万葉集』に数多くの長歌・短歌が収録された歌人は誰か。,柿本人麻呂,第3章
唐文化の影響を受け，律令国家の最盛期を反映した，仏教色の強い聖武天皇の時代を中心とした文化を何というか。,天平文化,第3章
天武天皇に命じられ，皇室の系譜や伝承・歴史をまとめた『帝紀』や神話・歌物語などをまとめた『旧辞』を誦習した人物は誰か。,稗田阿礼,第3章
稗田阿礼が誦習したものを太安万侶（太安麻呂）が筆録し，712年に元明天皇に献上された，神代から推古天皇に至るまでの歴史書は何か。,古事記,第3章
舎人親王が中心となって編纂した，神代から持統天皇に至るまでの歴史を漢文の編年体で記した，720年に完成した歴史書は何か。,日本書紀,第3章
日本書紀を含め，10世紀までに成立した『続日本紀』・『日本後紀』・『続日本後紀』・『日本文徳天皇実録』・『日本三代実録』らの総称は何か。,六国史,第3章
713年に筆録が命じられ，各国別にまとめられ朝廷に献上された，常陸・出雲・播磨・豊後・肥前のみ現存する古代の地誌は何か。,風土記,第3章
奈良時代後期までの和歌約4500首を収録した『万葉集』に採録された，九州を防備した兵士とその家族の心情を詠った歌を何というか。,防人歌,第3章
「貧窮問答歌」を詠った歌人は誰か。,山上憶良,第3章
７世紀後半以降の作品をおさめた，日本最古の漢詩集は何か。,懐風藻,第3章
初めての公開図書館である芸亭を開いた人物は誰か。,石上宅嗣,第3章
漢詩文に優れ，『唐大和上東征伝』を記した人物は誰か。,淡海三船,第3章
中央政府において式部省が管理し，貴族の子弟や東西史部の子弟を教育する機関を何というか。,大学,第3章
地方において国ごとに設置して国司が管理した，郡司の子弟を教育する機関を何というか。,国学,第3章
国家が官寺を建立し法会を行い，仏教の教義に基づいて国家を守るという思想を何というか。,鎮護国家/思想,第3章
奈良仏教の教学を研究する学派で三論・成実・法相・俱舎・華厳・律を総称して何というか。,南都六宗,第3章
法相宗を学んだ渡来人系の僧で，民間に布教して政府から弾圧を受けたが，後に大仏造営に協力した人物は誰か。,行基,第3章
戒律を伝えるため，失敗を重ねて盲目となりながら６度目の挑戦で日本への渡航を達成し，日本の仏教の発展に寄与した唐の僧は誰か。,鑑真,第3章
鑑真が759年に創建した寺を何というか。,唐招提寺,第3章
藤原氏の氏寺で，法相宗の大本山として繁栄した寺はどこか。,興福寺,第3章
光明皇后が創建したといわれる孤児や病人を収容した施設は何か。,悲田院,第3章
光明皇后が創建したといわれる貧窮の病人を治療する施設は何か。,施薬院,第3章
神社に神宮寺を建てる，神前読経を行う，神に仏号をつけるなど，在来信仰の神と外来の仏を結びつけて信仰する思想を何というか。,神仏習合/思想,第3章
唐招提寺に現存する，和様建築の起点といわれる建築物は何か。,唐招提寺金堂,第3章
聖武太上天皇の遺品などが収納され，開閉には天皇の許可が必要な勅封の倉として管理された東大寺の建築物を何というか。,正倉院宝庫,第3章
正倉院の北倉・南倉に用いられた，断面が三角形の木材を組んで壁面を構成する建築様式を何というか。,校倉造,第3章
可塑性のある粘土で造られた写実的な表現の像を何というか。,塑像,第3章
木や粘土でおおまかな形を作り，その上に麻布を漆で塗り固めて造った写実的な表現の像を何というか。,乾漆像,第3章
塑像として代表的な，金剛杵という法具を手に執る怒りの形相が表現された，天平期の色彩が残る東大寺法華堂の仏像を何というか。,東大寺法華堂執金剛神像,第3章
乾漆像として代表的な，６の寺に安置された八部衆像の１つで，３つの顔と６本の腕が特徴的な仏像を何というか。,興福寺阿修羅像,第3章
正倉院に保管されていた，西域に源流を持つ樹の下に美女を配置する構図の六枚一対の絵画は何か。,正倉院鳥毛立女屛風,第3章
薬師寺が所蔵する，麻布に吉祥天女を描いた絵画は何か。,薬師寺吉祥天像,第3章
釈迦の一生を描いたとされ，絵巻物の原型ともいわれるものは何か。,過去現在絵因果経,第3章
世界最古の現存印刷物といわれている，称徳天皇がつくらせた工芸作品は何か。,百万塔陀羅尼,第3章
唐招提寺に現存する，もとは平城宮の宮殿建築であった建築物は何か。,唐招提寺講堂,第3章
正倉院の宝物として伝わる，貝殻を用いた螺鈿の技法で西域の様子を表す図柄をもつ絃楽器は何か。,螺鈿紫檀五絃琵琶,第3章
２度の遷都や地方行政改革・蝦夷征討などを行い，政治の刷新につとめた天皇は誰か。,桓武天皇,第3章
784年に平城京から遷都した山背国の長岡京の造営を主導したが，785年，その監督中に現地で暗殺された藤原式家の人物は誰か。,藤原種継,第3章
和気清麻呂の建議で，794年に長岡京から遷都を行ったが，その山背（山城）国の都を何というか。,平安京,第3章
蝦夷の族長で，政府に帰順し郡司となっていたが，780年に反乱を起こして多賀城を占拠し焼き払った人物は誰か。,伊治呰麻呂,第3章
802年に蝦夷の族長の阿弖流為らを降伏させ，鎮守府を多賀城から胆沢城に移した坂上田村麻呂の役職は何か。,征夷大将軍,第3章
803年に坂上田村麻呂がさらに北へ築いた蝦夷征討の拠点は何か。,志波城,第3章
軍事力の強化のために，大宰府などの一部を除いて軍団を廃止し，郡司の子弟を集めて兵士とした制度は何か。,健児の制,第3章
本来，令にはなく，政治の変化に応じて新設した官職を何というか。,令外官,第3章
地方政治の不正防止のために設置された，国司の交代を監察する官職を何というか。,勘解由使,第3章
平城太上天皇が嵯峨天皇と対立し，自らの復位と平城京遷都を画策したが失敗に終わった，810年の政変を何というか。,平城太上天皇の変/薬子の変,第3章
藤原種継の娘で，兄の藤原仲成とともに平城太上天皇の復位を画策して失敗し，自殺した人物は誰か。,藤原薬子,第3章
平城太上天皇の変（薬子の変）に際し，嵯峨天皇が設置した，天皇に近侍して機密文書を扱う役所を何というか。,蔵人所,第3章
蔵人所の長官には，藤原冬嗣と巨勢野足が任命されたが，その長官を何というか。,蔵人頭,第3章
嵯峨天皇が設置した，京内の警察をつかさどり，のちに裁判も行うようになった役職を何というか。,検非違使,第3章
律令の規定を修正・補足した法を格，律・令・格の施行細則を式というが，嵯峨天皇が藤原冬嗣らに編纂させた格式を何というか。,弘仁格式,第3章
弘仁格式と貞観格式・延喜格式をあわせて何というか。,三代格式,第3章
三代格を内容によって分類・集成したものを何というか。,類聚三代格,第3章
823年に，大宰府管内に設けられた直営方式の田地を何というか。,公営田,第3章
879年に，畿内に設けられた直営方式の田地を何というか。,官田/元慶官田,第3章
8世紀以降，天皇の勅旨により公費で開墾された田を何というか。,勅旨田,第3章
平城太上天皇の変（薬子の変）の際に捕えられたが罪を許され，のちに蝦夷平定に加わって811年に征夷将軍に任命された人物は誰か。,文室綿麻呂,第3章
戸籍に登録する性別や年齢を偽って申告し，課役の減免を図ることを何というか。,偽籍,第3章
801年に畿内の班田を，六年一班からどのように改めたか。,十二年一班/一紀一班,第3章
養老令の解釈を統一するため清原夏野らが編集した注釈書は何か。,令義解,第3章
９世紀後半に惟宗直本が編集した，大宝令や養老令の注釈について先行する諸家の私説を集めて収録した私撰の注釈書を何というか。,令集解,第3章
密教芸術が特徴的な平安遷都から摂関政治までの，嵯峨・清和天皇の時を中心とした文化を何というか。,弘仁/貞観文化,第3章
嵯峨天皇の命で編集された最初の勅撰漢詩文集は何か。,凌雲集,第3章
嵯峨天皇が作品を撰定し，藤原冬嗣らが編集した勅撰漢詩文集を何というか。,文華秀麗集,第3章
淳和天皇の命で，良岑安世らが編集した勅撰漢詩文集は何か。,経国集,第3章
力強い書風を持つ唐風の能書家である嵯峨天皇・空海・橘逸勢の３名を総称して何というか。,三筆,第3章
唐風の書の名手であった空海が，最澄に宛てた書状をまとめたものを何というか。,風信帖,第3章
空海の残した書には漢詩文の理論書の『文鏡秘府論』などがあるが，空海の詩や書簡を，弟子が編集したものを何というか。,性霊集,第3章
有力貴族が大学での一族子弟の教育のため設置した寄宿舎は何か。,大学別曹,第3章
大学別曹の寄宿舎には881年に在原行平が設置した奨学院があるが，和気清麻呂の子の和気広世が800年頃に設置した寄宿舎は何というか。,弘文院,第3章
大学別曹について，821年に藤原冬嗣が設置した寄宿舎を何というか。,勧学院,第3章
大学別曹について，嵯峨天皇の皇后が橘氏のために844年頃に設置した寄宿舎は何か。,学館院,第3章
空海が僧や庶民を身分差別なく学ばせたとされる寄宿施設は何か。,綜芸種智院,第3章
顕教に対して，即身成仏といった大日如来との一体化を目標とする，秘密真実の教えを何というか。,密教,第3章
密教の教えや神道・陰陽道などの影響を受け，山中を修業の場所とした山岳信仰を何というか。,修験道,第3章
元来は仏教の用語で，信仰によりこの世（現世）で受けられる，除災招福などの神仏の恵みを何というか。,現世利益,第3章
現世利益を求めて，真言を唱え仏力の加護を祈ることを何というか。,加持祈禱,第3章
教王護国寺や神護寺の所蔵品がよく知られる，仏教の諸尊を一定の形式で整然と描いて図示したものを何というか。,曼荼羅,第3章
女人高野とも呼ばれ，建築当初の金堂や山岳寺院発生期の唯一の遺構である五重塔が現存する奈良の山岳寺院は何か。,室生寺,第3章
平安時代初期の木造彫刻で多用された，衣のしわを波のように表現する様式を何というか。,翻波式,第3章
平安時代初期には，頭部と胴体を１本の木から彫り出した神秘的な仏像が多いが，その作成方法を何というか。,一木造,第3章
文芸による国家の隆盛を目指した思想を何というか。,文章経国思想,第3章
天台密教の法門を確立した第三世天台座主（慈覚大師）は誰か。,円仁,第3章
園城寺（三井寺）を総本山とした，円珍（智証大師）を祖とする天台宗の一派は何か。,寺門派,第3章
藤原冬嗣は嵯峨天皇から最初の蔵人頭に任じられたが，それ以降に藤原氏の中で特に勢力を伸ばしたこの家系を何というか。,北家/藤原北家,第4章
842年に謀反を企てたとして，伴健岑や橘逸勢が配流された，藤原氏の陰謀といわれる事件を何というか。,承和の変,第4章
866年，大納言伴善男が左大臣源信の失脚を狙って宮門に放火し，発覚して伊豆国に配流された事件は何か。,応天門の変,第4章
応天門の変に乗じて，天皇が幼少の間や病気のときに政務を代行する摂政の地位に正式に就き，伴氏や紀氏の排斥を果たした人物は誰か。,藤原良房,第4章
藤原良房が正式に摂政となった時の天皇は誰か。,清和天皇,第4章
天皇を補佐し，万機（天皇の政務）に関与できた役職を関白というが，884年，光孝天皇の時に事実上初めての関白となった人物は誰か。,藤原基経,第4章
藤原基経が，橘広相の起草した勅書を撤回させ，関白としての立場を強化した宇多天皇との政治的抗争は何か。,阿衡の紛議,第4章
藤原氏を抑えるために宇多天皇が登用した学者政治家は誰か。,菅原道真,第4章
菅原道真が，唐の衰退と航路の危険を理由として遣唐使派遣の停止を建議したのは西暦何年か。,894年,第4章
菅原道真が自らの娘婿を皇位に就けようと画策していると醍醐天皇に讒言して，大宰権帥に左遷させた当時の左大臣は誰か。,藤原時平,第4章
醍醐天皇の皇子で，天皇親政を行い本朝十二銭の最後となった乾元大宝を鋳造させた天皇は誰か。,村上天皇,第4章
醍醐天皇と村上天皇の親政は後世の模範とされた。何と称されたか。,延喜/天暦の治,第4章
969年に藤原氏の他氏排斥により，源高明が大宰権帥に配流された事件を何というか。,安和の変,第4章
藤原兼通の弟で，後に一条天皇の外祖父として摂関・太政大臣となった人物は誰か。,藤原兼家,第4章
藤原道隆の子で内覧となったが，996年に大宰権帥に左遷された人物は誰か。,藤原伊周,第4章
娘を次々に入内させて外戚関係を深め，内覧・摂政・太政大臣となって藤原氏の栄華を極めた人物は誰か。,藤原道長,第4章
藤原道長の子で，後一条・後朱雀・後冷泉３天皇の治世に摂政や関白となった人物は誰か。,藤原頼通,第4章
唐の滅亡後，960年に建国し979年に中国を再統一した王朝は何か。,宋/北宋,第4章
10世紀前半の中国東北部で，渤海を滅ぼしたのはどこの国か。,遼/契丹,第4章
10世紀初めの朝鮮半島で，新羅を滅ぼして半島を統一したのはどこの国か。,高麗,第4章
醍醐天皇の皇子で，藤原忠平が摂政・関白として補佐した天皇は誰か。,朱雀天皇,第4章
紫式部が侍女として仕えた，藤原道長の娘で一条天皇の中宮となった人物は誰か。,彰子,第4章
998～1021年までの記事が現存する，2013年にユネスコ記憶遺産（世界の記憶）に登録された藤原道長の日記は何か。,御堂関白記,第4章
唐風文化を吸収し，日本風に洗練させた貴族文化を何というか。,国風文化,第4章
「女文字」ともいわれた平がなや，漢字の一部からとった片かなは，平安初期にできた表音文字であるが，これらの文字を何というか。,かな文字,第4章
905年，醍醐天皇の指示を受け，紀貫之が中心となって編纂した，初めての勅撰和歌集を何というか。,古今和歌集,第4章
小野小町や僧正遍昭ら和歌の上手６人を六歌仙というが，そのうちの１人在原業平の恋愛物語を中心とした歌物語を何というか。,伊勢物語,第4章
光源氏と薫大将を主人公とする，紫式部が著した長編物語を何というか。,源氏物語,第4章
一条天皇の皇后の藤原定子に仕え，『枕草子』を著した人物は誰か。,清少納言,第4章
藤原道長を賛美し，宇多天皇から堀河天皇までの治世をかな書きで記した，赤染衛門の作といわれる編年体の歴史物語は何か。,栄花物語/栄華物語,第4章
紀貫之が著した，土佐から京都までの紀行文である日本初のかな日記は何か。,土佐日記,第4章
神仏習合が進展して生まれた，神は仏が権に形を変えて現れたもの（権現）とする思想を何というか。,本地垂迹説,第4章
怨霊や災厄を防ぐために行われた法会・祭礼を何というか。,御霊会,第4章
阿弥陀仏を信仰し極楽浄土に往生することを願う浄土教の教えを京の市で説き，「市聖」と呼ばれた人物は誰か。,空也,第4章
浄土教の念仏往生の教えを説いた，源信（恵心僧都）の著書は何か。,往生要集,第4章
釈迦の入滅後，正法から像法へ，さらに仏法が衰退し天変地異が多発する世がおとずれると信じられた思想を何というか。,末法思想,第4章
白木造や檜皮葺の建物に，北・東・西の対屋を透渡殿でつなぎ，池や築山などを設けた貴族の邸宅を何というか。,寝殿造,第4章
仏師が各部分を作成し，それを一つにまとめて仏像を作り上げるといった，定朝が完成させたこの技法を何というか。,寄木造,第4章
唐絵に代わり日本の風物を題材として描かれた，巨勢金岡が祖といわれる絵画を何というか。,大和絵,第4章
臨終の際に阿弥陀仏が迎えに来る様子を描いた絵を何というか。,来迎図,第4章
唐風の書に対し，優雅な書風を持つ和様を使用した，『離洛帖』の藤原佐理や小野道風・藤原行成の３名を総称して何というか。,三跡,第4章
国風文化の頃に発達した漆工芸には，貝殻を使う螺鈿の他に，漆で模様を描き金・銀の粉を蒔きつける方法がある。これを何というか。,蒔絵,第4章
藤原道長が建立した阿弥陀堂を中心とする寺院を何というか。,法成寺,第4章
『古今和歌集』から，1205年後鳥羽上皇の命により藤原定家らが編纂した『新古今和歌集』までの勅撰和歌集を総称して何というか。,八代集,第4章
仏の姿を念じ，「南無阿弥陀仏」と唱えることを何というか。,念仏,第4章
かぐや姫伝説に基づく日本初の伝奇的な物語を何というか。,竹取物語,第4章
藤原道綱の母による藤原兼家との結婚生活の自叙伝風物語は何か。,蜻蛉日記,第4章
菅原孝標の女が著した自身の回想録は何か。,更級日記,第4章
物怪にとりつかれたとき一定期間謹慎して祓うことを何というか。,物忌,第4章
鬼神のいる凶の方角を避けて行動することを何というか。,方違,第4章
最初の往生伝である『日本往生極楽記』を著した人物は誰か。,慶滋保胤,第4章
経典の書写（写経）を経筒に入れて地面に埋めた塚を何というか。,経塚,第4章
正装の略式で，五位以上の平常の参内服を何というか。,衣冠,第4章
狩衣が変化したもので庶民男性の実用服を何というか。,水干,第4章
902年，醍醐天皇の治世に出された違法な荘園を禁止した法令は何か。,延喜の荘園整理令,第4章
任国に赴任した国司のうち，その国の権限や財産を引き継いだ，守や親王任国の介など最上級の国司を何というか。,受領/受領国司,第4章
任国の国衙に赴任しないで収入を得る国司を何というか。,遙任/遙任国司,第4章
朝廷の儀式や寺社の造営の費用を受け持つ見返りに，一定の官職に任じられる売官の一種を何というか。,成功,第4章
成功のような売官により，同一の官職に再任されることを何というか。,重任,第4章
遙任国司は，11世紀後半には自ら赴任せず，任国の国衙に代理人を派遣したが，この代理人を何というか。,目代,第4章
地方の有力者が世襲的に任じられた，国衙で実際の政務を行う役人を何というか。,在庁官人,第4章
名と呼ばれる単位に分けられた田地を耕作し，田地に課された税の官物・臨時雑役を請け負って負名と呼ばれた有力農民を何というか。,田堵/田堵負名,第4章
田堵が成長した大名田堵や，任地に土着した国司の子孫で，11世紀以降に臨時雑役を免除されて一定の領域を開発した者を何というか。,開発領主,第4章
現地の荘園の管理者である上級荘官で，下司や公文などの下級荘官を指揮して荘園を経営した者を何というか。,預所,第4章
荘園で国家への租税が免除される権利を何というか。,不輸/不輸の権,第4章
不輸の権を得た荘園のうち、太政官符や民部省符により租税が免除された荘園を何というか。,官省符荘,第4章
国司が，土地を調査して税の負担量を定めるために，輸租田に派遣した役人を何というか。,検田使,第4章
13の役人に対し，荘園への立入りを拒否できる権利を何というか。,不入/不入の権,第4章
各地で形成された武士団の構成員について，首長の一族の武士を何というか。,家子,第4章
清和天皇の孫である源経基を始祖とする家系を何というか。,清和源氏,第4章
下総の猿島郡を拠点として939年に反乱を起こし，常陸・下野・上野の国府を攻め落として新皇と称した人物は誰か。,平将門,第4章
伊予の日振島を拠点として939年に反乱を起こし，瀬戸内海の海賊を率いて伊予の国府や大宰府を焼き討ちした人物は誰か。,藤原純友,第4章
安和の変で左大臣源高明を密告して失脚させ，藤原北家に接近して地位を確立した，のちに摂津に土着した武士は誰か。,源満仲,第4章
上総介・武蔵国押領使であった人物が1028年に房総地方で起こしたが，1031年に19の子の源頼信により平定された反乱は何か。,平忠常の乱,第4章
914年に醍醐天皇に対し，12箇条にわたって財政や地方政治の改革を述べた意見書を何というか。,"意見封事十二箇条
　/三善清行意見封事十二箇条",第4章
988年に尾張国の国司（国守）藤原元命の罷免を朝廷に要求した訴状は何か。,尾張国郡司百姓等解/文,第4章
目代が派遣された場合に，国衙に設置された機関を何というか。,留守所,第4章
律令制的支配の衰えとともに衰退した初期荘園に対して，国司の圧迫を逃れるため有力者に名目的に寄進された荘園を何というか。,寄進地系荘園,第4章
開発領主から寄進を受けた荘園の領主を何というか。,領家,第4章
領家の領主は，地位を安定させるために，荘園をさらに上級の有力者に寄進したが，この有力な上級の領主を何というか。,本家,第4章
領家と本家の領主のうち，荘園の実質的支配権を持つ者を何というか。,本所,第4章
押領使と並んで，諸国の盗賊の逮捕や反乱の鎮圧などのために置かれた令外官を何というか。,追捕使,第4章
清和源氏や桓武平氏などの大武士団の統率者を何というか。,武家の棟梁/武士の棟梁,第4章
平将門と対立し殺された平国香の子で，下野の押領使の藤原秀郷とともに，940年に平将門の反乱を平定した人物は誰か。,平貞盛,第4章
1068年に即位した，当時の摂政・関白と外戚関係がなく，大江匡房らを登用して親政を行った天皇は誰か。,後三条天皇,第5章
1069（延久元）年に発令された，1045（寛徳２）年以降の新立荘園の廃止や基準にあわない荘園の廃止を命じた法令を何というか。,延久の荘園整理令,第5章
延久の荘園整理令を徹底するために，太政官に設置した役所は何か。,記録荘園券契所/記録所,第5章
貴族・寺社などが支配する荘園と，国司が支配する公領（国衙領）とが並立するようになった体制のことを何というか。,荘園公領制,第5章
公領（国衙領）について，国司が再編成した３つの支配単位は何か。,郡/郷/保,第5章
権力を強めた田堵などは，年貢・公事・夫役などを領主におさめる有力農民となったが，12世紀頃からは何と呼ばれたか。,名主,第5章
1051年，陸奥北部の安倍氏の国司への反抗から始まった戦いは何か。,前九年合戦/前九年の役,第5章
前九年の役で，息子とともに東国武士団を率いて戦い，出羽の豪族清原氏の助けを得て安倍氏を滅ぼした陸奥守・鎮守府将軍は誰か。,源頼義,第5章
1083年，清原氏の相続争いから始まった戦いは何か。,後三年合戦/後三年の役,第5章
源頼義の子で八幡太郎と呼ばれ，後三年の役を平定した陸奥守・鎮守府将軍は誰か。,源義家,第5章
前九年の役・後三年の役で源氏は東国武士団との結びつきを強めたが，一方で奥羽地方においてその支配権を確立した武士は誰か。,藤原清衡,第5章
清衡から子の基衡，孫の秀衡の３代約100年にわたり，金や馬の産出，北方交易で繁栄した奥州藤原氏の拠点は，陸奥国のどこか。,平泉,第5章
1086年，堀河天皇に譲位し初めて院政を行った白河上皇（法皇）は，院を警護するために武士を置いたが，この武士を何というか。,北面の武士,第5章
上皇から直接下される命令を何というか。,院宣,第5章
院庁から下された文書を何というか。,院庁下文,第5章
上級貴族や寺社に支配権を与え，収益を取得させる国のことを何というか。,知行国,第5章
院政期に皇室が京都洛外の白河の地に次々と建立した，法勝寺以下の寺院の総称は何か。,六勝寺,第5章
京都や奈良の有力寺院が武装した下級僧侶を組織し，神木や神輿を押し立てて朝廷に強訴したが，この武装した僧侶を何というか。,僧兵,第5章
政治権力をめぐる皇室及び摂関家内部の対立に武士勢力が加わり，1156年に都を舞台に発生した戦いを何というか。,保元の乱,第5章
後白河上皇の院近臣の対立に源義朝と平清盛の軍がそれぞれ結びつき，1159年に都で発生した戦いを何というか。,平治の乱,第5章
後三条天皇によって1072年に制定された，公定の枡を何というか。,宣旨枡,第5章
1129～1156年まで院政を行った鳥羽上皇（法皇）が，皇女暲子に伝え，鎌倉時代末期に大覚寺統に継承された皇室領荘園群は何か。,八条院領,第5章
後白河法皇が六条殿の持仏堂に寄進し，鎌倉時代末期に持明院統に継承された皇室領荘園群は何か。,長講堂領,第5章
院や貴族が盛んに行った①熊野三山に参詣することと②高野山金剛峯寺に参詣することを，それぞれ何というか。,"① 熊野詣
② 高野詣",第5章
僧兵が多く存在した興福寺と延暦寺をあわせて何と呼ぶか。,南都/北嶺,第5章
延暦寺の僧兵のことを特に何といったか。,山法師,第5章
強訴の際に，延暦寺の僧兵がかついだ神輿は，どこの神社のものか。,日吉神社,第5章
保元の乱で父源為義とともに崇徳上皇方について敗れ，伊豆大島に流罪となった武士は誰か。,源為朝,第5章
保元の乱で敗れた崇徳上皇は讃岐に配流され，左大臣藤原頼長も敗死したが，後白河天皇方について勝利した関白は誰か。,藤原忠通,第5章
平治の乱で藤原信頼と結び挙兵したが平清盛に敗れ，東国に逃れる途中で殺された武士は誰か。,源義朝,第5章
平治の乱では，平清盛と結んで政治を主導していた後白河上皇の側近が自殺に追い込まれたが，それは誰か。,藤原通憲/信西,第5章
平清盛は，西国武士の一部を荘園や公領の現地支配者に任命したが，後に鎌倉幕府に踏襲されるこの職制を何というか。,地頭,第5章
高倉天皇と平清盛の娘徳子（建礼門院）の子は幼少で天皇に即位させられ，清盛が外戚として権勢をふるう要因となった。その天皇は誰か。,安徳天皇,第5章
平清盛の行った南宋との貿易では，宋銭や陶磁器が輸入され，硫黄や刀剣などが輸出されたが，この民間貿易を何というか。,日宋貿易,第5章
平清盛は貿易拡大を目的に瀬戸内海の航路を整備し，さらに現在の神戸港にあたる摂津国の港を修築したが，この港を何というか。,大輪田泊,第5章
平氏政権の経済的基盤となった，平氏が全国500余りを所有したものは何か。,荘園,第5章
平安末期に庶民や貴族にも流行し，「現代風」を意味した歌謡である今様を集成した，後白河法皇撰の歌謡集を何というか。,梁塵秘抄,第5章
奈良時代に日本に伝わった散楽に由来し，地方農村から都市の貴族にまで受け入れられた田楽とともに流行した芸能を何というか。,猿楽,第5章
「四鏡」と呼ばれる４つの歴史書の最初のもので，藤原道長の栄華を中心に藤原氏を批判的に記した紀伝体の歴史物語は何か。,大鏡,第5章
平安時代末期に成立した，インド・中国・日本の仏教説話を集めた説話集は何か。,今昔物語集,第5章
平将門の乱を題材にした軍記物語を何というか。,将門記,第5章
前九年合戦（前九年の役）を題材にした軍記物語を何というか。,陸奥話記,第5章
浄土教の思想を全国に広げた，寺院に所属しない民間の仏教布教者を何というか。,聖 /上人,第5章
1124年に藤原清衡が陸奥国の平泉に建立した，奥州藤原氏の栄華をあらわす阿弥陀堂を何というか。,中尊寺金色堂,第5章
浄土教の地方普及の代表例である，大分県に残る阿弥陀堂は何か。,富貴寺大堂,第5章
浄土教の地方普及の代表例である，福島県に残る阿弥陀堂は何か。,"白水阿弥陀堂
/願成寺阿弥陀堂",第5章
応天門の変を題材に，炎上する応天門などを描いた絵巻物は何か。,伴大納言絵巻,第5章
大和国信貴山の霊験を題材に，庶民の生活や風俗を描いた絵巻物を何というか。,信貴山縁起絵巻,第5章
鳥羽僧正覚猷が描いたといわれる，動物を擬人化して人間社会の様子を風刺した絵巻物を何というか。,"鳥獣人物戯画
/鳥獣戯画",第5章
平氏一門の氏神的存在である安芸国の厳島神社に，平氏一門の一族の繁栄を願って奉納した装飾経を何というか。,平家納経,第5章
扇紙に大和絵で民衆の生活を描いた平安時代末期の装飾経は何か。,扇面古写経,第5章
平清盛の邸宅があった場所にちなんだ平氏政権の別名は何か。,六波羅政権,第5章
藤原基衡が陸奥国の平泉に建立した，浄土式庭園が残る寺院は何か。,毛越寺,第5章
絵巻物のなかにある説明文を何というか。,詞書,第5章
宮中の年中行事を描いた平安末期の絵巻物を何というか。,年中行事絵巻,第5章
『源氏物語絵巻』の作者ともいわれる，平安時代後期の大和絵に優れた絵師は誰か。,藤原隆能,第5章
日本古来の民謡などを唐楽風に編曲して歌われた，古代の歌謡を何というか。,催馬楽,第5章
1177年に，俊寛や藤原成親ら院近臣が平氏打倒を計画したが失敗し，後白河法皇の政治的影響力が低下した事件は何か。,"鹿ヶ谷の陰謀
/鹿ヶ谷事件",第6章
1180年に諸国の武士と大寺社に平氏打倒を呼びかけ，摂津源氏の源頼政とともに挙兵したが敗死した，後白河法皇の皇子は誰か。,以仁王,第6章
1180年の源氏の挙兵から1185年の平氏滅亡までの源平の争乱を総称して何というか。,治承/寿永の乱,第6章
信濃の木曽谷で挙兵し，1183年の倶利伽羅峠の戦いの勝利ののち，京都から平氏を敗走させた源氏の武将は誰か。,源義仲,第6章
奥州の藤原秀衡の保護を受け，のちに源範頼とともに源氏の軍を率いて平氏を滅ぼした，源頼朝の弟は誰か。,源義経,第6章
1185年に安徳天皇が入水し，平氏一門が滅んだ長門国での戦いを何というか。,壇の浦の戦い,第6章
1185年に設置が認められた，鎌倉幕府が国ごとに有力御家人を任命した役職は何か。,守護,第6章
守護の基本的職務で，京都大番役の催促，謀叛人・殺害人の逮捕を総称して何というか。,大犯三カ条,第6章
1185年以降に鎌倉幕府が御家人を任命した役職で，荘園・公領の現地支配者を何というか。,地頭,第6章
戦時に兵士の食糧とするため徴収された，１段あたり５升の負担を課した米を何というか。,兵粮米,第6章
源頼朝が，1190年に右近衛大将に任命されたのち，1192年の後白河法皇死後に任命された官職は何か。,征夷大将軍,第6章
1180年に鎌倉に設置された侍所は，御家人の統率や軍事・警察の役目を担ったが，その初代別当は誰か。,和田義盛,第6章
はじめ公文所の名称で設置された政所は，一般政務や財政を司ったが，その初代別当は誰か。,大江広元,第6章
1184年に設置された，裁判を扱う問注所の初代執事は誰か。,三善康信,第6章
土地の給与を通じて，主人と従者が御恩と奉公の関係でつながれた武士の主従関係を何というか。,封建制度,第6章
将軍が御家人に与える御恩のうち，先祖伝来の所領の支配権を保障する御恩を何というか。,本領安堵,第6章
奉公の一つで，皇居や都を交代で警備する御家人の負担は何か。,京都大番役,第6章
奉公の一つで，鎌倉を交代で警備する御家人の負担を何というか。,鎌倉番役,第6章
源頼朝が支配する知行国を何というか。,関東知行国,第6章
鎌倉殿（将軍）が所有した，平氏の旧領を含む荘園を何というか。,関東御領,第6章
1180年に平清盛が都をうつしたのは，摂津国のどこか。,福原,第6章
以仁王は諸国の源氏に挙兵を促したが，この命令を何というか。,以仁王の令旨,第6章
後白河法皇と源頼朝が交渉して，1183年に朝廷が発した，頼朝に東海道・東山道の支配権を承認した宣旨を何というか。,寿永二年十月宣旨,第6章
1184年に一の谷の戦いで敗れた平氏の讃岐国の拠点を，翌1185年に源義経が奇襲して勝利した戦いを何というか。,屋島の戦い,第6章
没収された平氏一門の500カ所余の所領を何というか。,平家没官領,第6章
荘園・公領の田地面積や領有関係を記録した国衙の土地台帳は何か。,大田文,第6章
日記『玉葉』を著した貴族は誰か。,藤原兼実/九条兼実,第6章
源義経をかくまったとして，1189年に源頼朝によって滅ぼされた奥州の支配者は誰か。,藤原泰衡,第6章
御家人と対立し，伊豆の修禅寺で暗殺された２代将軍は誰か。,源頼家,第6章
源頼朝の夫人で，夫の死後に有力御家人による十三人の合議制を実施するなど，尼将軍として政治を主導した人物は誰か。,北条政子,第6章
北条政子の父で，1203年に比企能員を滅ぼし，将軍家の外戚として権力を得た初代執権は誰か。,北条時政,第6章
２代執権北条義時は，1213年に和田合戦で和田義盛を滅ぼしたが，和田義盛は何という機関の別当であったか。,侍所,第6章
朝廷との協調をはかったが，1219年に鶴岡八幡宮で１の将軍の子の公暁により暗殺された３代将軍は誰か。,源実朝,第6章
関白九条道家の子で，最初の摂家（藤原）将軍は誰か。,藤原頼経/九条頼経,第6章
西面の武士を置くなど院政を強化して朝廷の勢力挽回をはかり，５の将軍の暗殺をきっかけに北条義時追討の命令を出した上皇は誰か。,後鳥羽上皇,第6章
後鳥羽上皇が1221年に鎌倉幕府に対して挙兵し，敗れて隠岐に流された戦乱を何というか。,承久の乱,第6章
承久の乱後，朝廷の監視および西国の御家人の統括のために任命された，それ以前の京都守護に代わる役職は何か。,六波羅探題,第6章
承久の乱後，新たな荘園・公領に任命された新補地頭の得分（経済的利益）で，１段につき５升の加徴米の徴収などの規定を何というか。,新補率法,第6章
３代執権北条泰時が叔父の北条時房を任命したことに始まる，執権の補佐役を何というか。,連署,第6章
1225年に北条泰時が重要政務や裁判の合議のため，当初有力御家人などから11人を任命したが，何という役職か。,評定衆,第6章
1232年に北条泰時が定めた，頼朝以来の先例や武家社会の道理を明文化した鎌倉幕府の基本法典51カ条を何というか。,御成敗式目/貞永式目,第6章
北条泰時の政策を受け継いだ５代執権北条時頼は，対立した有力御家人の三浦泰村とその一族を滅ぼしたが，その戦いを何というか。,宝治合戦,第6章
1249年に北条時頼が12のもとに設置した，御家人の所領に関する訴訟の公平・迅速化のために訴訟を専門に担当した役職は何か。,引付衆,第6章
後嵯峨天皇の皇子宗尊親王以来４代の鎌倉幕府将軍を何というか。,皇族将軍/親王将軍,第6章
中世の武士は，堀や土塁に囲まれた館に住み，騎射三物と総称される武芸に励んだ。騎射三物とは笠懸・犬追物とあと一つは何か。,流鏑馬,第6章
武家社会において，一門（一家）を統轄した宗家の長を何というか。,惣領/家督,第6章
荘園領主が鎌倉幕府の任命した代官に，年貢の納入を請け負わせる制度を何というか。,地頭請,第6章
荘園領主と地頭が，土地の支配権を分割し合うことを何というか。,下地中分,第6章
２代将軍源頼家の外戚として権力を得たが，1203年に北条時政らによって滅ぼされたのは誰か。,比企能員,第6章
承久の乱以前に荘園・公領に設置された地頭は，新補地頭に対して何とよばれたか。,本補地頭,第6章
承久の乱の終結後に，土佐に配流された上皇は誰か。,土御門上皇,第6章
鎌倉幕府の要請を受け，後嵯峨上皇の院政下に置かれた役職は何か。,院評定衆,第6章
地頭などが下人を使って耕作させる直営地を何というか。,佃/門田/正作,第6章
嫡子の他，庶子にも財産が分け与えられる相続形態を何というか。,分割相続,第6章
広野において多数の勢子が犬を使って獣を追い出し，その獣を弓矢で仕留める武芸を何というか。,巻狩,第6章
モンゴル（蒙古）民族を統一し，13世紀初めにユーラシア大陸に大帝国を築いた人物は誰か。,チンギスハン/成吉思汗,第6章
朝鮮半島の高麗を服属させ，1271年にモンゴル帝国の国号を元と定めた後，日本に朝貢と服属を要求した皇帝は誰か。,フビライハン,第6章
日本は1274～1281年にかけて，元寇といわれる２度のモンゴル襲来を受けたが，その際の鎌倉幕府の８代執権は誰か。,北条時宗,第6章
1274年，元・高麗軍が対馬・壱岐に侵攻し博多に上陸したものの，暴風雨により撤退した，１回目のモンゴル襲来を何というか。,文永の役,第6章
再度のモンゴル襲来に備えるために強化した，鎌倉幕府が九州の御家人らに博多湾など九州北部の要地を警備させる軍役を何というか。,異国警固番役,第6章
再度のモンゴル襲来に備えるために，鎌倉幕府が九州の御家人らを動員して博多湾沿岸に石や土を積んで築かせたものを何というか。,防塁/石築地,第6章
1281年，東路軍・江南軍が二方面から九州北部に襲来した，２回目のモンゴルの襲来を何というか。,弘安の役,第6章
1293年に九州の支配および御家人を統括するために設置された幕府の役職は何か。,鎮西探題,第6章
北条氏の家督を継いだ得宗が政治を主導した得宗専制政治のために，その家臣である御内人と本来の御家人が対立するようになるが，その御内人の代表を何というか。,内管領,第6章
平頼綱が，９代執権北条貞時の外戚で有力な御家人の安達泰盛らを滅ぼした，1285年の事件を何というか。,霜月騒動,第6章
1297年に鎌倉幕府によって出された，御家人の所領の質入れや売買を禁止し，過去に売却した所領を無償で取り戻させた法令は何か。,永仁の徳政令,第6章
荘園領主や幕府の支配に対抗した新興武士集団は，何と呼ばれたか。,悪党,第6章
鎌倉時代の農業では，鉄製農具の使用や牛馬耕が広がったが，畿内や西日本一帯で行われた，稲の収穫後に麦を裏作として年に２回耕作することを何というか。,二毛作,第6章
月に三度開かれる定期市を何というか。,三斎市,第6章
定期市の他にみられるようになった常設の小売店を何というか。,見世棚,第6章
商工業者たちが結成した同業者の団体を何というか。,座,第6章
港湾や交通要地で商品の委託販売や輸送を担う商人を何というか。,問/問丸,第6章
平安時代末期以降，中国から大量に輸入されて流通し，年貢の銭納化などを促した銭は何か。,宋銭,第6章
18の普及を背景に現れた，鎌倉時代の高利貸し業者を何というか。,借上/借上人,第6章
遠隔地間の取引を手形で決済する制度を何というか。,為替,第6章
モンゴル襲来の様子を知ることのできる絵巻物は何か。,"蒙古襲来絵詞
/蒙古襲来絵巻",第6章
１の絵巻物を描かせた，肥後国の御家人は誰か。,竹崎季長,第6章
霜月騒動の後，得宗専制政治を確立した鎌倉幕府９代執権は誰か。,北条貞時,第6章
1275年に13カ条にわたって地頭湯浅宗親の非法を領主に訴えたのは紀伊国の何という荘園の百姓か。,阿氐河荘,第6章
鎌倉時代に普及した，山野の草や木を利用した肥料を２つ挙げよ。,刈敷/草木灰,第6章
琉球で，グスクを拠点に勢力を伸ばした有力者のことを何というか。,按司,第6章
古くから蝦夷ヶ島に住み，独自の文化を形成した人びとを何というか。,アイヌ,第6章
念仏（「南無阿弥陀仏」）を唱える専修念仏の教えを説き，『選択本願念仏集』を著した法然を開祖とする宗派を何というか。,浄土宗,第6章
浄土宗の中心寺院となった，法然が長年を過ごした寺院は何か。,知恩院,第6章
法然の弟子で，農民や地方武士に教えを広げ，『教行信証』を著して浄土真宗（一向宗）の開祖となった僧侶は誰か。,親鸞,第6章
親鸞の教えで，煩悩をもつ大衆（悪人）こそが，阿弥陀仏による救済の対象であるという考えを何というか。,悪人正機説,第6章
現在は東西に分かれている，京都で浄土真宗の中心となった寺院を何というか。,本願寺,第6章
時宗を開き，念仏札の配布や念仏をとなえながら踊るという踊念仏で教えを広めて「遊行上人」とよばれた僧侶は誰か。,一遍,第6章
題目（「南無妙法蓮華経」）を唱えることで救われると説き，他宗を激しく批判して布教を進めた日蓮を開祖とする宗派を何というか。,日蓮宗/法華宗,第6章
日蓮宗の宗派の総本山で，山梨県身延山にある寺院は何か。,久遠寺,第6章
日蓮が北条時頼に提出した，法華経の信仰を説いた著作は何か。,立正安国論,第6章
栄西が南宋から伝え，公家や幕府有力者の帰依を受けた，建仁寺が本山である禅宗の一派は何か。,臨済宗,第6章
栄西が延暦寺の天台宗など諸派からの非難に反論・弁明し，禅宗を興すことが鎮護国家につながると説いた著作は何か。,興禅護国論,第6章
栄西の死後，５代執権北条時頼に招かれ，鎌倉に建長寺を開いた南宋の禅僧は誰か。,蘭溪道隆,第6章
８代執権北条時宗に招かれ，鎌倉に円覚寺を開いた南宋の禅僧は誰か。,無学祖元,第6章
道元が南宋から伝えた，ただひたすら坐禅をするという只管打坐を説いた禅宗の一派は何か。,曹洞宗,第6章
曹洞宗の大本山で，道元が延暦寺による迫害から離れて開いた，福井県にある寺院は何か。,永平寺,第6章
法然の専修念仏を批判した，法相宗の僧侶は誰か。,貞慶/解脱,第6章
戒律を重視して南都仏教の復興につとめた，華厳宗の僧侶は誰か。,明恵/高弁,第6章
戒律の復興や慈善事業・土木事業につとめた，律宗の僧侶は誰か。,叡尊/思円,第6章
叡尊の弟子で，病人の救済施設である北山十八間戸を建てた，律宗の僧侶は誰か。,忍性/良観,第6章
伊勢外宮の神職で反本地垂迹説（神本仏迹説）を主張し，伊勢神道（度会神道）を創始した人物は誰か。,度会家行,第6章
時宗の総本山である，神奈川県にある寺院は何か。,清浄光寺,第6章
臨済宗では，禅僧が悟りに達するために師僧より課題を与えられ，それを解決することを重視するが，この問答を何というか。,公案問答,第6章
道元が曹洞禅の本質について述べた著作を何というか。,正法眼蔵,第6章
朝廷の儀式や年中行事，官職などについて研究する学問は何か。,有職故実,第6章
南宋の朱熹によって大成された，大義名分論を説く儒学の一派を何というか。,宋学/朱子学,第6章
後鳥羽上皇の命で藤原定家・家隆らによって編纂された勅撰和歌集で，八代集の８番目に数えられるものを何というか。,新古今和歌集,第6章
鎌倉幕府３代将軍源実朝の，新古今和歌集調の習作的作品の中に独自の力強い万葉調の歌や格調高い歌が見られる歌集を何というか。,金槐和歌集,第6章
鎌倉時代に成立した説話集には，『十訓抄』や『宇治拾遺物語』があるが，橘成季が王朝時代の説話を集めたものを何というか。,古今著聞集,第6章
鎌倉時代前期の1212年に成立した，鴨長明が人生の無常を主題として飢饉や災害を回想し，草庵での生活について記した随筆は何か。,方丈記,第6章
鎌倉時代末期の1331年頃成立したとされる，兼好法師が無常観に基づき動乱期の人間や社会を鋭く論評した随筆は何か。,徒然草,第6章
鎌倉時代には，『保元物語』・『平治物語』・『源平盛衰記』といった軍記物語が登場したが，琵琶法師によって平曲として語り継がれた，平家の興亡を題材にしたものを何というか。,平家物語,第6章
摂政・関白の九条（藤原）兼実の弟で延暦寺の天台座主であった慈円が，道理による歴史の解釈を試みて記した歴史書は何か。,愚管抄,第6章
臨済宗の僧侶である虎関師錬が著した，わが国最初の仏教史書を何というか。,元亨釈書,第6章
鎌倉幕府の歴史を編年体で記した史書を何というか。,吾妻鏡,第6章
北条氏一門の金沢実時が創始しその子孫が受け継いだ，和漢の書物を集めた武蔵国の私設図書館を何というか。,金沢文庫,第6章
写実的手法で一遍の生涯を描いた絵巻物を何というか。,一遍上人絵伝,第6章
高階隆兼が春日明神の霊験を描いた絵巻物を何というか。,春日権現験記,第6章
鎌倉時代に発達した，写実的な大和絵の肖像画を何というか。,似絵,第6章
『後鳥羽上皇像』を描いた藤原信実の父で，『伝源頼朝像』『伝平重盛像』を描いたとされる，15の名手として知られる人物は誰か。,藤原隆信,第6章
南都焼打ちによって被災した東大寺の再建に尽力した僧は誰か。,重源,第6章
快慶・湛慶らと東大寺南大門金剛力士像を製作し，興福寺北円堂の無著像・世親像の製作を指揮した，慶派の奈良仏師（南都仏師）は誰か。,運慶,第6章
伏見天皇の皇子の尊円入道親王が創始した書道の一派を何というか。,青蓮院流,第6章
加藤景正が南宋から陶器の製法を伝えたといわれる，尾張の焼物を何というか。,瀬戸焼,第6章
順徳天皇が著した，有職故実の解説書を何というか。,禁秘抄/禁中抄,第6章
諸国を遍歴し，『山家集』に秀歌を残した鎌倉時代初期の歌人は誰か。,西行,第6章
源親行の作ともいわれる京都から鎌倉までの紀行文は何か。,東関紀行,第6章
臨済宗の僧侶である無住が著した仏教説話集は何か。,沙石集,第6章
菅原道真の生涯と関連する神社の由緒を描いた絵巻物を何というか。,北野天神縁起絵巻,第6章
石山寺の霊験を題材にした絵巻物を何というか。,石山寺縁起絵巻,第6章
禅宗の師僧を描いた肖像画を何というか。,頂相,第6章
阿仏尼が所領争いの訴訟のため鎌倉へ下向した時の紀行文は何か。,十六夜日記,第6章
武蔵国の武士の兄弟の生活を描いた絵巻物を何というか。,男衾三郎絵巻,第6章
東大寺再建に登用された，南宋の工人は誰か。,陳和卿,第6章
後深草天皇を祖とし，長講堂領を継承した皇統（のちの北朝）は何か。,持明院統,第7章
亀山天皇を祖とし，八条院領を継承した皇統（のちの南朝）は何か。,大覚寺統,第7章
大覚寺統と持明院統が，交代で皇位につくことを何というか。,両統迭立,第7章
鎌倉幕府の最後の得宗で，1316～1326年の間に14代執権であった人物は誰か。,北条高時,第7章
1324年，持明院統の後醍醐天皇が日野資朝・俊基らと討幕を計画し，事前に発覚して失敗した事件を何というか。,正中の変,第7章
1331年，後醍醐天皇が再度討幕を計画したが未然に発覚して挙兵に失敗し，隠岐に流された事件を何というか。,元弘の変,第7章
後醍醐天皇の皇子護良親王とともに討幕のために挙兵し，建武の新政でも活躍したが，のちに湊川の戦いで戦死した武将は誰か。,楠木正成,第7章
鎌倉幕府軍の有力御家人であったが，1333年に幕府に反旗をひるがえして六波羅探題を攻略した，のちの室町幕府初代将軍は誰か。,足利高氏/足利尊氏,第7章
1333年に鎌倉を攻略して，建武の新政でも武者所の頭人（長官）として活躍したが，のちに北陸で戦死した武将は誰か。,新田義貞,第7章
醍醐天皇・村上天皇の天皇親政を理想とした建武の新政において特に重視された，天皇の意思を伝える文書を何というか。,綸旨,第7章
建武の新政で設置された，重要政務を扱う中央機関を何というか。,記録所,第7章
建武の新政で設置された，鎌倉幕府の引付の機能を受け継いだ所領問題などを扱う裁判機関を何というか。,雑訴決断所,第7章
京都の鴨川の河原に「此比都ニハヤル物。…」という内容で掲示された，建武の新政を批判した七五調の文書は何か。,二条河原落書,第7章
1335年に北条時行が鎌倉幕府再興を図った反乱は，８の人物が京都から関東へ出陣して鎮圧したが，彼が鎌倉に留まり新政府へ反旗をひるがえすきっかけとなった。この反乱を何というか。,中先代の乱,第7章
新田義貞が新政府に反旗をひるがえし，京都を制圧した後に新たに擁立したのは持明院統の何という天皇か。,光明天皇,第7章
南朝の後醍醐天皇・後村上天皇に仕え，有職故実書の『職原抄』や，南朝の正統性を主張した『神皇正統記』を著した人物は誰か。,北畠親房,第7章
吉野の南朝と京都の北朝が1336年に対立してから1392年に足利義満に合一されるまでの，一連の内乱を何というか。,南北朝の動乱,第7章
室町幕府の創設に尽力し，政務を分担した８の人物の弟は誰か。,足利直義,第7章
将軍家の執事として幕政に参加し，権勢をふるった人物は誰か。,高師直,第7章
足利直義と高師直の各勢力が対立して発生した争乱は何か。,観応の擾乱,第7章
後深草天皇・亀山天皇の父で皇統分裂の発端をつくった天皇は誰か。,後嵯峨天皇/上皇,第7章
北条高時の内管領として父の長崎高綱（円喜）とともに仕え，幕府の実権を握った人物は誰か。,長崎高資,第7章
元弘の変で後醍醐天皇が討幕に失敗した後，持明院統から即位した天皇は誰か。,光厳天皇,第7章
建武の新政時に出された諸法令・記録や二条河原の落書を収録した書物を何というか。,建武年間記,第7章
後醍醐天皇の皇子で，討幕運動や建武の新政で活躍したが，足利尊氏と対立し鎌倉で足利直義に殺害された人物は誰か。,護良親王,第7章
後醍醐天皇が宮中の年中行事について著した有職故実の書物は何か。,建武年中行事,第7章
1336年に足利尊氏が示した17カ条の政治方針を何というか。,建武式目,第7章
任国全体の支配権を確立して成長した室町時代の守護を何というか。,守護大名,第7章
室町時代の守護にその取り締まりの権限（検断権）が与えられた，土地所有権を主張して他者の耕作する田の稲を刈り取る行為は何か。,刈田狼藉,第7章
室町時代の守護に与えられた，土地所有権をめぐる幕府の裁判の判決を強制執行する権限を何というか。,使節遵行,第7章
1352年にはじめて発布された，荘園・公領の年貢の半分を軍費として守護に徴収させる権限を認めた法令を何というか。,半済令,第7章
守護が，荘園・公領の経営を領主から任され，年貢の徴収・年貢の納入を請け負った制度を何というか。,守護請,第7章
国人とよばれる土着の武士が結成した一揆を何というか。,国人一揆,第7章
京都の市政権など朝廷の保持していた権限を幕府の管轄に置いて，全国統一政権としての室町幕府の権力を確立した３代将軍は誰か。,足利義満,第7章
1392年の南北朝の合体のとき，譲位した南朝の天皇は誰か。,後亀山天皇,第7章
８の将軍による有力守護への勢力削減政策に抵抗し，山名氏一族が1391年に起こした反乱を何というか。,明徳の乱,第7章
1399年に周防・長門などの守護が和泉国堺で反乱を起こしたが，８の将軍によって滅ぼされた。この反乱を何というか。,応永の乱,第7章
室町幕府の将軍を補佐し政務を統括した，細川・斯波・畠山氏の３氏の有力守護が交替で就任した職を何というか。,管領,第7章
京都の警備などを担当した侍所の長官である所司に任命された，赤松・一色・山名・京極氏を総称して何というか。,四職,第7章
関東を統治する鎌倉府に派遣され，初代鎌倉公方となった足利尊氏の四男は誰か。,足利基氏,第7章
鎌倉公方の補佐役で，上杉氏によって世襲された職を何というか。,関東管領,第7章
室町幕府の将軍の直轄地をそれぞれ何というか。,御料所,第7章
室町幕府が，京都で高利貸しを行っていた①土倉に課した税を何というか。,土倉役/倉役,第7章
室町時代に幕府や守護が徴収するようになった，国家的行事などの費用として家屋の棟数に応じて課した臨時の税を何というか。,棟別銭,第7章
室町時代に幕府や守護が徴収するようになった，寺社や橋の修造などの費用として田地一段ごとに課した臨時の税を何というか。,段銭,第7章
室町幕府・荘園領主・守護・寺社などが港や船着場で徴収した利用税を何というか。,津料,第7章
建武式目の制定以降，必要に応じて加えられた新令を何というか。,建武以来追加,第7章
足利義満が京都室町に造り，そこで政治を行った壮麗な邸宅を何というか。,花の御所,第7章
足利義満が1390年に討伐した，美濃・尾張・伊勢の３カ国を支配していた有力守護は誰か。,土岐康行,第7章
1391年に足利義満が明徳の乱で破った山名氏一族は，西国11カ国の守護を兼ねていたため，何とよばれていたか。,六分の一衆/六分の一殿,第7章
明徳の乱で敗死した，山名氏一族の中心人物は誰か。,山名氏清,第7章
応永の乱で敗死した，西国６ヵ国を領有した有力守護は誰か。,大内義弘,第7章
13～16世紀に，朝鮮半島や中国大陸の沿岸で略奪行為を行った集団を何というか。,倭寇,第7章
足利尊氏が，後醍醐天皇の冥福を祈るために寺院建立を計画し，その費用を得る目的で元に派遣した貿易船を何というか。,天龍寺船,第7章
従属国が貢物を持参し皇帝から返礼を受ける朝貢貿易の形式をとった，明との間で３代将軍足利義満により始められた貿易を何というか。,日明貿易,第7章
勘合貿易で使用された，明が発行した証票を何というか。,勘合,第7章
４代将軍足利義持が中断した勘合貿易を再開した６代将軍は誰か。,足利義教,第7章
1523年に明の港で，堺商人と結んだ細川氏と博多商人と結んだ大内氏との間で，貿易の主導権を巡って発生した争乱を何というか。,寧波の乱,第7章
1392年に高麗を滅ぼし朝鮮を建国した武将は誰か。,李成桂,第7章
1419年に，朝鮮軍が対馬を倭寇の根拠地とみなして襲撃し，島主の宗氏がこれを退けた事件を何というか。,応永の外寇,第7章
対馬の宗氏を通して行われた日朝貿易で，日本は銅・硫黄・香木などを輸出したが，朝鮮から大量に輸入された衣料用の原料は何か。,木綿,第7章
1510年に朝鮮の港の日本人居留民が起こした暴動を何というか。,三浦の乱,第7章
1429年に山北（北山）・中山・山南（南山）の三山を統一した中山王で，中継貿易で繁栄した琉球王国を建国した人物は誰か。,尚巴志,第7章
鎌倉時代末期から近世まで，道南部以外の北海道は何と呼ばれたか。,蝦夷ヶ島,第7章
北海道地方に暮らしていた民族であるアイヌは，和人の進出に対して蜂起し道南十二館を攻撃したが，この戦いを何というか。,コシャマインの戦い,第7章
コシャマインの戦いを鎮圧し，道南地方の和人地を支配した一族を何というか。,蠣崎氏,第7章
惣百姓という村民で構成され，有力名主や地侍から選ばれたおとな（長・乙名）や沙汰人が運営した，自治的な村を何というか。,惣/惣村,第7章
惣村における組織には，祭礼を担当する宮座などがあるが，村の自治的な協議・運営のための村民による会議を何というか。,寄合,第7章
惣村の村民が守るべき規約を何というか。,惣掟/村掟/地下掟,第7章
領主への年貢の納入を，ひとまとめにして15の村が請け負うことを何というか。,地下請/百姓請/惣請,第7章
農民は同じ目的のために一揆を結んで実力行使を行った。1428年に近江坂本の馬借が徳政を要求したことをきっかけに，農民・都市民・困窮した武士らが結集して土倉・酒屋を襲った一揆を何というか。,正長の徳政一揆/正長の土一揆,第7章
７代将軍足利義勝の就任の時，「代始めの徳政」を求めて京都で発生し，幕府が徳政令を発布して収まった一揆を何というか。,嘉吉の徳政一揆,第7章
火災で荒廃した鎌倉の臨済宗寺院の修造費を得るため，1325年に鎌倉幕府が元に派遣し，天龍寺船の先例となった貿易船を何というか。,建長寺船,第7章
元を滅ぼし明を建国した，明の初代皇帝は誰か。,朱元璋/洪武帝,第7章
1401年，足利義満が明に派遣した使節の博多商人はそれぞれ誰か。,肥富,第7章
朝鮮が日本人接待のために設けた施設を何というか。,倭館,第7章
統一前の琉球の３つの国（三山）は南山・北山とあと一つは何か。,中山,第7章
村民が警察権を行使することを何というか。,自検断/地下検断,第7章
農業に必要な山野といった，村共有の利用地を何というか。,入会地,第7章
幕府が徳政令発布の際，債権者・債務者から徴収する手数料は何か。,分一銭,第7章
農民が領主に抵抗し，年貢減免などを求め集団で押しかけることを何というか。,強訴,第7章
６代将軍足利義教が1438年に鎌倉公方の討伐を始めた戦乱は何か。,永享の乱,第7章
関東管領の上杉憲実と対立し，1439年に６代将軍足利義教により滅ぼされた鎌倉公方は誰か。,足利持氏,第7章
1441年に６代将軍足利義教が京都で殺害された事件を何というか。,嘉吉の変/嘉吉の乱,第7章
嘉吉の乱で将軍が殺害され，その権威は低下した。この事件を起こし，のちに幕府軍に討伐された播磨など３ヶ国の守護は誰か。,赤松満祐,第7章
管領家の家督争いや８代将軍足利義政の後継者争いなどがからんで，1467年から11年間続いた幕府勢力の内乱を何というか。,応仁の乱,第7章
８代将軍足利義政の弟で，義政により将軍後継者に立てられたが，応仁の乱の勃発後に義政と対立した人物は誰か。,足利義視,第7章
足利義政とその妻日野富子の子で，のちの９代将軍は誰か。,足利義尚,第7章
畠山政長や斯波義敏らを後援した幕府の実力者で，応仁の乱で東軍の中心となった三管領の家柄の人物は誰か。,細川勝元,第7章
畠山義就や斯波義廉らを後援した幕府の実力者で，応仁の乱で西軍の中心となった四職の家柄の人物は誰か。,山名持豊/山名宗全,第7章
下の者が上の者に実力でとってかわる風潮を何というか。,下剋上,第7章
管領家の家督争いをしていた畠山義就と畠山政長の軍を国外に追放し，その後８年間の自治的支配を実現した，1485年の国一揆は何か。,山城の国一揆,第7章
蓮如の布教により北陸地方で普及した浄土真宗（一向宗）の門徒が，1488年に守護の富樫政親を倒して自治を行った一揆は何か。,加賀の一向一揆,第7章
室町時代に畿内で行われた，１年間に米・麦・そばを次々と栽培することを何というか。,三毛作,第7章
灯明用の荏胡麻油の購入独占権を持っていた大山崎の油神人に代表される，中世の商工業者が同業者で構成する組合を何というか。,座,第7章
室町時代の貨幣について，私鋳銭の流通を背景とした悪銭・精銭の選別がもたらす取引の停滞を改善するため，幕府や大名が出した命令を何というか。,撰銭令,第7章
質物保管の蔵を保有した，室町時代の金融業者を何というか。,土倉,第7章
室町時代は振売や連雀商人などの行商人が増加し，商業が発達した。応仁・文明年間以降に一般化した，月６回開かれる定期市は何か。,六斎市,第7章
遠隔地取引の際に，現金にかわる決済方法として利用された為替手形の一種を何というか。,割符,第7章
問（問丸）から発展し，荷物の委託販売や卸売を行った商人は何か。,問屋,第7章
室町時代の陸上輸送業者で馬に荷物を載せて運搬した輸送業者を何というか。,馬借,第7章
永享の乱後の1440年に，結城氏朝が鎌倉公方の足利持氏の遺子を擁して挙兵し，幕府軍に鎮圧された事件を何というか。,結城合戦,第7章
1454年に鎌倉公方足利成氏と関東管領上杉氏との対立から発生し，関東地方が戦国時代に突入するきっかけとなった戦乱を何というか。,享徳の乱,第7章
人糞尿を発酵・熟成させて用いた肥料を何というか。,下肥,第7章
多収穫が見込めるとして，室町時代に西国で広まった稲は何か。,大唐米,第7章
大都市の常設の小売店で棚に商品を並べて客に見せた施設は何か。,見世棚/店棚,第7章
座役を徴収し座衆を保護した公家や寺社などを何というか。,本所,第7章
室町幕府が南宋の官寺の制にならい臨済宗の寺院を統制した制度を何というか。,五山/十刹の制,第7章
五山・十刹の制で臨済宗の寺院において別格の最高位に位置づけられた，京都の寺院を何というか。,南禅寺,第7章
京都五山の寺院について，相国寺・建仁寺・東福寺・万寿寺の上に第一位として格付けされた寺院を何というか。,天龍寺,第7章
後醍醐天皇や足利尊氏が帰依した，３の寺院を開いた僧侶は誰か。,夢窓疎石,第7章
幕府の保護・統制下にあった五山派に対し，民間・地方での布教に努めた臨済宗の大徳寺・妙心寺や曹洞宗の禅宗諸派を何というか。,林下,第7章
本願寺８世法主で，布教のために易しい文章で書いた御文を各地の信者（門徒）に発信し，講を組織して惣村に広めた僧侶は誰か。,蓮如/兼寿,第7章
他宗と激しい論争を行い，『立正治国論』を著して日蓮宗（法華宗）への改宗を幕府に求め，６代将軍足利義教に弾圧された僧侶は誰か。,日親,第7章
1536年に延暦寺の僧兵らが京都の法華一揆と交戦し，日蓮宗の寺院を焼き払い信者を京都から追放した争乱を何というか。,天文法華の乱,第7章
３代将軍足利義満の頃に，義堂周信・絶海中津らが活躍して最盛期を迎えた漢詩文学を何というか。,五山文学,第7章
北畠親房が著した，南朝の立場から天皇の事績や皇位継承の歴史について述べた歴史書は何か。,神皇正統記,第7章
南北朝の動乱を描写し，後世まで広く語り継がれた軍記物は何か。,太平記,第7章
初代将軍足利尊氏の時代を中心に，武家の立場から室町幕府の成立の過程を記した歴史物語は何か。,梅松論,第7章
大和猿楽四座（金春座・金剛座・観世座・宝生座）の観世座から出た観阿弥・世阿弥父子が，足利義満の保護のもとで大成した能は何か。,猿楽能,第7章
世阿弥が「花」「幽玄」などの理念を示した能楽の芸術論書は何か。,風姿花伝,第7章
能の合間に演じられる，風刺性の高い庶民劇を何というか。,狂言,第7章
有職故実や古典研究に優れ，有職故実書の『公事根源』や政治意見書の『樵談治要』などを著した関白・太政大臣は誰か。,一条兼良,第7章
『日本書紀』を研究し，反本地垂迹説に基づき神道に儒学や仏教を統合して唯一神道を唱えた神官は誰か。,吉田兼倶,第7章
臨済宗の五山派の僧侶で，明に渡って朱子学を学び，薩摩の島津氏に招かれ朱子学を講義した，薩南学派の祖とされる人物は誰か。,桂庵玄樹,第7章
関東管領の上杉憲実が再興した，下野国の教育施設は何か。,足利学校,第7章
往復一対の手紙形式で文例・単語を学ぶ往来物で，室町時代初期に成立し武士の子弟や庶民の教育に用いられたものを何というか。,庭訓往来,第7章
鎌倉五山の寺院について，円覚寺・寿福寺・浄智寺・浄妙寺の上に第一位として格付けされた寺院を何というか。,建長寺,第7章
民衆的な禅を説いた大徳寺派の僧侶は誰か。,一休宗純,第7章
四鏡の最後で，鎌倉時代の出来事を公家の立場から記した編年体の歴史物語は何か。,増鏡,第7章
東常縁から宗祇に授けられた際に形式が整えられた，『古今和歌集』に関する秘伝を師から弟子に授けることを何というか。,古今伝授,第7章
戦国時代の朱子学者で，南学（海南学派）の祖とされる人物は誰か。,南村梅軒,第7章
京都・鎌倉五山を中心に出版された，仏教・儒教や漢詩文集などの書籍を何というか。,五山版,第7章
奈良の饅頭屋宗二によって刊行された国語辞書を何というか。,節用集,第7章
戦国時代に日本を訪れたフランシスコ＝ザビエルの書簡において，足利学校は何と称されたか。,坂東の大学,第7章
庶民の流行歌であった小歌などを集めて，1518年に成立した歌集を何というか。,閑吟集,第7章
連歌の規則書の『応安新式』を著した二条良基が編集した，準勅撰の連歌集は何か。,菟玖波集,第7章
正風連歌を確立し，準勅撰の連歌集である『新撰菟玖波集』を編集した人物は誰か。,宗祇,第7章
３の人物と弟子二人が詠んだ，連歌百句を何というか。,水無瀬三吟百韻,第7章
自由で滑稽な俳諧連歌を得意とし，『犬筑波集』を編集した人物は誰か。,宗鑑/山崎宗鑑,第7章
『物くさ太郎』『一寸法師』などの庶民向けの物語を何というか。,御伽草子,第7章
応仁の乱後，京都の町衆によって復興された祭礼を何というか。,祇園会,第7章
南北朝期から行われた闘茶や茶寄合などの喫茶の風習に，禅の思想や作法を取り入れて成立したものは何か。,茶の湯/茶道,第7章
村田珠光が創出し，堺の商人の武野紹鷗に継承された，簡素な道具や草庵を用いて心の静けさを求める茶の方式を何というか。,侘茶,第7章
３代将軍足利義満の時代の北山文化を象徴する，義満が北山山荘に舎利殿として造営した三層の楼閣は何か。,金閣,第7章
８代将軍足利義政の時代の東山文化を象徴する，義政が東山山荘に1489年に造営した二層の楼閣は何か。,銀閣,第7章
室町時代に成立した，違い棚・明障子・床の間などを備える住宅の建築様式は何か。,書院造,第7章
書院造の代表例で，東山山荘の足利義政の持仏堂は何か。,東求堂,第7章
慈照寺東求堂持仏堂の内部にある，足利義政の書斎を何というか。,同仁斎,第7章
水を用いず，砂と石で自然を表現した，龍安寺石庭や大徳寺大仙院書院庭園などの作庭様式を何というか。,枯山水,第7章
墨の濃淡と線の強弱を利用して描いた，東洋独自の絵画は何か。,水墨画,第7章
16の絵画を開拓し，禅の公案の題材とした『瓢鮎図』を描いた僧侶は誰か。,如拙,第7章
相国寺の周文に16の絵画を学び，明で中国の画法を学んだのち，独自の様式を確立して『四季山水図巻』（山水長巻）や『天橋立図』などを描いた人物は誰か。,雪舟,第7章
狩野派の祖で，室町幕府の御用絵師となった人物は誰か。,狩野正信,第7章
朝廷の絵所預で，大和絵の土佐派の基礎を固めた人物は誰か。,土佐光信,第7章
数種類の茶を飲み，産地を当てて勝敗を競う遊びを何というか。,闘茶,第7章
花道（華道）の祖とされる京都頂法寺（六角堂）の住職は誰か。,池坊専慶,第7章
「虎の子渡し」の名で知られる石庭で有名な，京都の臨済宗の寺院は何か。,龍安寺,第7章
北山山荘は３代将軍足利義満の死後に何という寺院になったか。,鹿苑寺,第7章
東山山荘は８代将軍足利義政の死後に何という寺院になったか。,慈照寺,第7章
水墨画に優れ，兆殿司とも呼ばれた東福寺の僧侶は誰か。,明兆,第7章
足利義政に仕え，刀剣の装具に秀作を残した金工は誰か。,後藤祐乗,第7章
越前国の曲舞の一流派から発展した舞踊を何というか。,幸若舞,第7章
16世紀半ばに，管領の細川氏にかわって室町幕府の実権を握った家臣は誰か。,三好長慶,第7章
享徳の乱を機に鎌倉公方は２つに分裂した。下総で足利成氏が称した古河公方に対して，伊豆で足利政知が称した公方を何というか。,堀越公方,第7章
京都から下向して駿河の今川氏のもとで活動し，伊豆の２の公方を滅ぼした後，相模に進出して小田原を拠点とした戦国大名は誰か。,北条早雲,第7章
越後の守護代の出身で，主家の名跡を受け継ぎ春日山を拠点とした戦国大名は誰か。,上杉謙信/長尾景虎,第7章
４の戦国大名と信濃の川中島で戦った，甲斐・信濃などを支配した戦国大名は誰か。,武田信玄/武田晴信,第7章
有力家臣に下級武士を配属して家臣団を編成する制度は何か。,寄親/寄子制,第7章
土地の価値を銭に換算し，これに応じて税や軍役を課す制度は何か。,貫高制,第7章
武田氏の『甲州法度之次第』や今川氏の『今川仮名目録』など，戦国大名の支配する領域である分国（領国）の基本法を何というか。,分国法,第7章
現存する中で条文数が最多の，伊達氏の制定した分国法の基本法は何か。,塵芥集,第7章
安芸の国人出身で，中国地方を支配した戦国大名は誰か。,毛利元就,第7章
戦国大名が家臣を統制し司法権を確立するために，家臣間の私闘は当事者双方を処罰することを示し，これを禁じたことを何というか。,喧嘩両成敗,第7章
戦国大名が領国内の土地について，現地支配者の家臣や農民に面積・収入額などを自己申告させる方式で行った検地を何というか。,指出検地,第7章
大内氏の山口・北条氏の小田原・島津氏の鹿児島・朝倉氏の一乗谷など，戦国大名の城郭を中心に形成された都市を何というか。,城下町,第7章
小浜・敦賀・大津・大湊・兵庫といった港町のうち，自由都市として発展した和泉国の港町はどこか。,堺,第7章
堺の港町では，有力商人の合議により自治を運営したが，この36人の有力商人を何というか。,会合衆,第7章
応仁の乱の後，京都では有力商人を中心に町を組織し，月行事を選んで自治的に運営したが，その有力商人を何というか。,町衆,第7章
港町である博多で，自治を運営した12人の有力商人を何というか。,年行司,第7章
浄土真宗（一向宗）の寺院・道場を中心に形成された，摂津の石山・加賀の金沢・河内の富田林といった町を何というか。,寺内町,第7章
善光寺の長野や伊勢神宮の宇治・山田などの町を何というか。,門前町,第7章
戦国大名が保護・新設を行った，原則として自由な商業取引を行い，販売座席（市座）や市場税などを設けない市を何というか。,楽市,第7章
三好長慶の家臣で，長慶の死後に三好家の実権を握り，13代将軍足利義輝の殺害に関わったとされる人物は誰か。,松永久秀,第7章
北条早雲の子で，関東南部を支配下に置いた戦国大名は誰か。,北条氏綱,第7章
家臣の陶晴賢によって滅ぼされた周防・長門の戦国大名は誰か。,大内義隆,第7章
土佐の国人出身で，四国の大半を支配した戦国大名は誰か。,長宗我部元親,第7章
豊後府内を拠点とした戦国大名の一族を何というか。,大友氏,第7章
薩摩の鹿児島を拠点とした戦国大名の一族を何というか。,島津氏,第7章
戦国大名の北条氏の分国法を何というか。,早雲寺殿廿一箇条　,第7章
15～17世紀前半，西欧人が航海・探検によって新航路を発見し，世界の諸地域が広く交流するようになった時代を何と呼ぶか。,大航海時代,第8章
1543年，ポルトガル人を乗せた中国船が漂着し，鉄砲が伝えられた島はどこか。,種子島,第8章
1584年，肥前の平戸に来航し，日本と貿易を始めたのはヨーロッパのどこの国か。,スペイン,第8章
スペインやポルトガルなど南欧系の来航者は，当時南蛮人とよばれたが，この人びとと行った貿易を何というか。,南蛮貿易,第8章
南蛮貿易における，日本の代表的な輸出品となった鉱物は何か。,銀,第8章
南蛮貿易における，日本の最も代表的な輸入品となった，絹織物の原料は何か。,生糸,第8章
16世紀に開発が進み，東アジアにおける５の鉱物の一大産地となった鉱山は何か。,石見銀山,第8章
朝鮮から伝来し，銀の増産をもたらした製錬法は何か。,灰吹法,第8章
私的な海外渡航や貿易を禁止していた明の政策を何というか。,海禁政策,第8章
16世紀の日本における代表的な鉄砲の生産地について，近江国の生産地を何というか。,国友,第8章
1540年に創立され，宗教改革に対抗して，東洋方面への布教をこころざした修道会を何というか。,イエズス会,第8章
11の修道会の宣教師として1549年に鹿児島に到達し，布教活動を開始した人物は誰か。,フランシスコザビエル,第8章
キリスト教に入信したキリシタン大名の一人で，豊後の領主であった人物は誰か。,大友宗麟,第8章
キリシタン大名の一人で，肥前有馬の領主であった人物は誰か。,有馬晴信,第8章
キリシタン大名の13の人物・14の人物・大村純忠が，1582年にローマ法王のもとへ派遣した少年使節を何というか。,天正遣欧使節,第8章
天正遣欧使節で派遣された少年は，副使の中浦ジュリアン・原マルチノ，正使の千々石ミゲルと，主席正使とされた人物がいる。それは誰か。,伊東マンショ,第8章
1579年に来日してキリスト教布教体制を改革し，15の使節の企画や，金属製活字による活字印刷術の導入をおこなった宣教師は誰か。,ヴァリニャーノ,第8章
来日した宣教師が設立した，宗教教育施設を何というか。,セミナリオ,第8章
来日した宣教師が，日本人宣教師などを養成するために設立した学校を何というか。,コレジオ,第8章
京都や山口などに建てられた，キリスト教の教会堂を何というか。,南蛮寺,第8章
種子島に鉄砲をもたらしたポルトガル人が乗っていたのは，中国の何という密貿易商人の船か。,王直,第8章
種子島の島主で，ポルトガル人から鉄砲を買い，その使用方法と製造方法を家臣に学ばせた人物は誰か。,種子島時堯,第8章
1563年に来日し，京都で織田信長と対面して京都におけるキリスト教の布教を許可された，後に『日本史』を著した宣教師は誰か。,ルイスフロイス,第8章
1560年，織田信長が駿河・遠江などを支配する今川義元を打ち破った戦いを何というか。,桶狭間の戦い,第8章
織田信長は美濃の斎藤氏を滅ぼすと岐阜に移り，1568年には室町幕府15代将軍を擁立して入京したが，その将軍は誰か。,足利義昭,第8章
1570年，織田信長が浅井氏・朝倉氏の軍に勝利した戦いは何か。,姉川の戦い,第8章
1571年，浅井・朝倉氏と結んで敵対した勢力に，織田信長が焼討ちを行ったが，それは何という寺院か。,延暦寺,第8章
1575年，織田信長が鉄砲を大量に用いた戦法で，甲斐の戦国大名の武田勝頼を破った戦いを何というか。,長篠の戦い,第8章
1576年，織田信長が近江に安土城を築き，経済政策として特権的な市座を廃止し，商工業者の自由な営業活動を認めた法令は何か。,楽市令,第8章
1580年に織田信長が屈伏させた，一向一揆の最大の拠点は何か。,石山本願寺,第8章
1582年に本能寺の変で織田信長を討った家臣の明智光秀は，程なく羽柴秀吉との戦いで討たれた。その戦いを何というか。,山崎の戦い,第8章
1583年，羽柴秀吉が近江で柴田勝家に勝利した戦いは何か。,賤ヶ岳の戦い,第8章
1583年に，羽柴秀吉が７の跡地に築きはじめた城を何というか。,大坂城,第8章
1584年の，羽柴秀吉と徳川家康・織田信雄軍の戦いを何というか。,小牧/長久手の戦い,第8章
1586年に豊臣の姓を賜り太政大臣に任じられた豊臣秀吉が京都に新築し，1588年に後陽成天皇を迎えて歓待した邸宅を何というか。,聚楽第,第8章
1582年以降に羽柴秀吉の領地で行われた検地に始まった，土地の等級・統一した面積の単位と統一した容量の枡（京枡）によって石高を定め，全国の土地を豊臣政権が把握した一連の検地を何というか。,太閤検地,第8章
13の検地によって検地帳を作成し，土地の複雑な権利関係を整理して１つの土地の耕作者を１人の農民と定めたことを何というか。,一地一作人,第8章
1588年に豊臣秀吉が出した，方広寺の大仏造営を口実に農民から武器を没収し，一揆を防止して兵農分離を進めた法令を何というか。,刀狩令,第8章
1587年，豊臣秀吉が宣教師の国外追放を命じた法令は何か。,バテレン追放令,第8章
1588年に豊臣秀吉が出した，倭寇などの海賊行為を禁止して海上支配を強化する命令を何というか。,海賊取締令,第8章
朝鮮侵略の人夫の確保に向けて戸口調査を行い，武家奉公人が町人・百姓になったり，百姓が転業することを禁じた法令を何というか。,人掃令,第8章
豊臣秀吉の朝鮮侵略について，1592年の出兵を何というか。,文禄の役,第8章
豊臣秀吉が朝鮮出兵の本陣を築いた肥前の地を何というか。,名護屋,第8章
豊臣秀吉の直轄地のことを何というか。,蔵入地,第8章
田畑などの石高を定めるための，段当たりの標準収穫高のことを何というか。,石盛,第8章
1591年，豊臣秀吉が全国の大名に対して提出を命じた，検地の結果をまとめた土地台帳を何というか。,検地帳,第8章
豊臣秀吉が鋳造させた大判金を何というか。,天正大判,第8章
豊臣政権において重要政務を合議した５人の有力大名を何というか。,五大老,第8章
豊臣政権において政権の実務を分掌した豊臣秀吉の近臣出身の５人の大名を何というか。,五奉行,第8章
朝鮮出兵において日本軍と対決し，水軍を率いて活躍した朝鮮の武将は誰か。,李舜臣,第8章
1596年，スペイン船が土佐沖に漂着した事件を何というか。,サンフェリペ号事件,第8章
８の事件をきっかけに豊臣秀吉がキリスト教取締りを強化し，26人の宣教師・信徒らが逮捕され長崎で処刑された事件を何というか。,26聖人殉教,第8章
16世紀末から17世紀初頭の，織田信長や豊臣秀吉に代表される新興の武家や，富を得た豪商が担い手となった文化を何というか。,桃山文化,第8章
城郭建築の中核をなす高層の楼閣で，武家の政治的権威の象徴となったものを何というか。,天守閣,第8章
白鷺城の別称を持ち世界文化遺産に登録されている，関ヶ原の戦い以後に池田輝政によって改築された播磨の平山城を何というか。,姫路城,第8章
金箔地に青や緑の濃い色を厚く塗って絵を描く手法を何というか。,濃絵,第8章
４の手法などが用いられた，城郭の内部の襖や壁，屛風や障子に描かれた絵を何というか。,障壁画,第8章
狩野永徳の作品が著名な，京都内外の名所や市民生活などの風俗画を描いた屛風絵を何というか。,洛中洛外図屛風,第8章
狩野永徳の門人で，『松鷹図』『牡丹図』などの作品を描いた狩野派の代表的な作家は誰か。,狩野山楽,第8章
『智積院襖絵楓図』や『松林図屛風』などの作品を描いた，長谷川派の祖は誰か。,長谷川等伯,第8章
『山水図屛風』『牡丹図・梅花図屛風』などの作品を描いた海北派の祖は誰か。,海北友松,第8章
都久夫須麻神社の本殿にその遺構が残る，豊臣秀吉の晩年の邸宅を兼ねた城を何というか。,伏見城,第8章
採光や通風，装飾を兼ねて戸・障子の上部にある鴨居と天井との間にはめ込まれた，格子や透し彫の彫刻を施した板を何というか。,欄間,第8章
京都・大坂などの都市で活動し，安土・桃山時代の文化の担い手となった富裕な商工業者を何というか。,町衆,第8章
堺の豪商で，侘茶を大成し織田信長・豊臣秀吉に仕えた茶人は誰か。,千利休,第8章
千利休が完成させたとされる，京都府大山崎にある草庵風の茶室は何か。,妙喜庵待庵,第8章
出雲大社の巫女とされる，京都でかぶき踊りを始めた人物は誰か。,阿国,第8章
三味線を伴奏に取り入れた語り物と，人形操りが結合して発展した人形劇を何というか。,人形浄瑠璃,第8章
堺の商人の高三隆達が節付けした小歌を何というか。,隆達節,第8章
16世紀には男女ともに一般的に着用され，派手な絵模様を染め出すなど華やかなものとなった，袖を小さく縫った衣服を何というか。,小袖,第8章
交易のために来日した南蛮人の風俗を描いた屛風を何というか。,南蛮屛風,第8章
宣教師のヴァリニャーノが伝えた活字印刷術を用い，宗教書や辞典，日本語辞書・日本古典などをローマ字体で刊行したものを何というか。,キリシタン版,第8章
聚楽第の遺構ともいわれる，西本願寺の３層の楼閣を何というか。,飛雲閣,第8章
1587年に，豊臣秀吉が京都の北野神社で行った大規模な茶会を何というか。,北野大茶湯,第8章
1600年，東軍の徳川家康と西軍の毛利輝元・小西行長などの豊臣側に分かれ争った，天下分け目の戦いを何というか。,関ヶ原の戦い,第9章
１の戦いにおいて西軍として戦ったが敗れて処刑された，豊臣政権の五奉行の一人で近江佐和山城の城主は誰か。,石田三成,第9章
1603年に征夷大将軍に任命され江戸幕府をひらいた徳川家康は，将軍の地位を２代将軍徳川秀忠に譲って駿府に引退した後も実権を保持したが，その地位を何というか。,大御所,第9章
古くから徳川氏の家臣であった大名を何というか。,譜代/譜代大名,第9章
１の戦い前後に徳川家に従い，江戸から遠い地に配置された大名を何というか。,外様/外様大名,第9章
尾張・紀伊・水戸の三家をはじめとした，徳川氏一門の大名のことを何というか。,親藩,第9章
江戸幕府が豊臣秀吉の子豊臣秀頼を倒し，豊臣氏を滅亡させた1614年と1615年の二度にわたる戦いを何というか。,大坂の陣,第9章
江戸幕府の２代将軍徳川秀忠の子で，３代将軍となった人物は誰か。,徳川家光,第9章
江戸幕府と諸藩が土地と人民を支配する社会体制を何というか。,幕藩体制,第9章
将軍直属の家臣で，御目見得を許された１万石未満の者は何か。,旗本,第9章
将軍直属の家臣で，御目見得を許されていない者は何か。,御家人,第9章
江戸幕府が大名統制を目的に制定した，1615年の元和令にはじまり寛永令など将軍の代替わりごとに発布された法令を何というか。,武家諸法度,第9章
江戸幕府が寛永令で整えた，大名に江戸と国元を１年交代で往復させ，その妻子は人質として江戸に住まわせる制度を何というか。,参勤交代,第9章
江戸幕府が諸大名に居城以外の城を破却させた法令を何というか。,一国一城令,第9章
大名が，所領の安堵と引き換えに主君である将軍に対して負った，石高に応じて課される軍事的負担を何というか。,軍役,第9章
江戸幕府による大名の処分には領地削減の減封，国替えの転封などがあるが，領地を没収して家を断絶させる処分を何というか。,改易,第9章
江戸幕府の職制で，三奉行の一つである江戸市中の行政を扱う役職は何か。,町奉行,第9章
江戸幕府初期の年寄という立場に由来する，４～５名の４の大名が，将軍に直属して政務を統轄した，幕政における常置の最高職は何か。,老中,第9章
老中と三奉行らで合議を行う，幕府の最高司法機関を何というか。,評定所,第9章
幕府直轄領である幕領（天領）には代官が置かれたが，関東・美濃・飛騨などの10万石以上の広域な幕領に置かれた役職を何というか。,郡代,第9章
1614年の大坂冬の陣の口実となった，「国家安康」「君臣豊楽」という銘文が入った釣鐘は，何という寺院のものか。,方広寺,第9章
関ヶ原の戦いで徳川家康に従い戦ったが，のちに広島城の無断修理を武家諸法度の違反とみなされ改易された大名は誰か。,福島正則,第9章
幕藩体制の初期に行われた，大名が家臣に一定の領地を分け与え，その土地と農民の直接的な支配を認める制度を何というか。,地方知行制,第9章
大名や旗本が，将軍に直接拝謁することを何というか。,御目見得,第9章
1615年に江戸幕府が発した朝廷・公家の統制法を何というか。,禁中並公家諸法度,第9章
江戸幕府の奏上を朝廷に取り次いだ公家の役職は何か。,武家伝奏,第9章
1627年に後水尾天皇が幕府の許可なく紫衣を僧侶に与えたことを問題にして，幕府が関係者を処罰した事件を何というか。,紫衣事件,第9章
３の事件で幕府に抗議し，1629年に流罪となった大徳寺の僧は誰か。,沢庵/沢庵宗彭,第9章
1612年には直轄領に対して，翌1613年には全国に出された，キリスト教徒に改宗を強制する法令を何というか。,禁教令,第9章
５の法令で，1614年にマニラに追放されたキリシタン大名は誰か。,高山右近,第9章
1637～38年，益田（天草四郎）時貞を首領とするキリシタンの農民が領主の圧政に反抗し，原城跡に立て籠った一揆を何というか。,島原の乱,第9章
民衆を寺院の檀家として所属させることによって，キリシタンではないことの証明とした制度は何か。,寺請制度,第9章
３代将軍徳川家光の頃より，キリスト教徒を根絶するため，人びとの信仰の調査を行って仏教への転宗を強制したことを何というか。,宗門改め,第9章
江戸幕府が寺院・僧侶に対して出した統制令の総称を何というか。,諸宗寺院法度,第9章
江戸幕府が仏教諸宗派の宗派ごとに本山・本寺を決め，末寺を組織させた制度を何というか。,本末制度,第9章
江戸幕府が神社・神職に対して出した統制令を何というか。,諸社禰宜神主法度,第9章
1600年に豊後臼杵に漂着したオランダ船リーフデ号のイギリス人の水先案内人は，ヤン＝ヨーステンとともに徳川家康の外交・貿易の顧問となったが，それは誰か（カタカナ）。,ウィリアムアダムズ,第9章
1609年にオランダ，1613年にイギリスが商館を開いた地はどこか。,平戸,第9章
1610年，徳川家康の命により，スペイン領ノビスパン（メキシコ）との貿易を求め現地に派遣された京都の商人は誰か。,田中勝介,第9章
1613年，伊達政宗がノビスパンとの貿易を求め，支倉常長を正使として派遣した使節を何というか。,慶長遣欧使節,第9章
1604年，ポルトガル商人の利益独占の排除のため，特定の商人に輸入生糸を一括購入させた制度を何というか。,糸割符制度,第9章
17の制度は，京都・堺・長崎，のちに江戸・大坂を加えた特定の五カ所商人に行わせたが，この特権を得た商人仲間を何というか。,糸割符仲間,第9章
京都の角倉了以・茶屋四郎次郎，摂津の末吉孫左衛門などの商人が出した，幕府から渡航許可の朱印状を受けた貿易船は何か。,朱印船,第9章
17世紀初頭，海外に移住した日本人によって東南アジア各地に形成され，日本人が自治を行っていた居住地を何というか。,日本町,第9章
後水尾天皇と徳川秀忠の娘和子（東福門院）との間に生まれた皇女で，紫衣事件の後に後水尾天皇から譲位され天皇となった人物は誰か。,明正天皇,第9章
1622年，長崎立山において55名の宣教師やキリスト教徒らが火刑・斬首となった事件を何というか。,元和の大殉教,第9章
江戸幕府がキリシタン探索のために踏ませた聖画像を何というか。,踏絵,第9章
法華を信じない者の施しを受けず，また施しをしないとする反体制的な教義により，江戸幕府に弾圧された日蓮宗の一派を何というか。,日蓮宗不受不施派,第9章
1654年に来日した隠元隆琦が開いた，中国の明朝風の様式を伝える禅宗の一派を何というか。,黄檗宗,第9章
1612年頃にアユタヤ朝に渡り，リゴール太守となった日本人は誰か。,山田長政,第9章
1633年の禁令で日本船の海外渡航が禁止される中，朱印状のほかに老中奉書という許可状を受け海外渡航が許された船を何というか。,奉書船,第9章
江戸幕府が日本人の海外渡航と在外日本人の帰国を禁止し，中国船の寄港地を長崎のみに限定したのは西暦何年か。,1635年,第9章
1639年の禁令でポルトガル船が来航禁止となった後，1641年にオランダ商館を移設した長崎港内の埋立地は何か。,出島,第9章
江戸に参府して将軍に謁見したオランダ商館長が，オランダ船来航のたびに幕府に提出した海外事情の報告書を何というか。,オランダ風説書,第9章
1607年以降，主に将軍就任の慶賀のため日本に派遣され，国内の文人らとの文化交流もおこなった朝鮮の使節を何というか。,通信使/朝鮮通信使,第9章
対馬の宗氏は，1609年に朝鮮王朝と通商条約を結び，朝鮮側が釜山に設置した倭館で日朝貿易を行った。この条約を何というか。,己酉約条,第9章
1609年に琉球王国を征服して，琉球に中国との朝貢貿易を継続させて得た輸入品や上納させた黒砂糖で利益を得たのはどこの藩か。,薩摩藩,第9章
琉球国王が，将軍の代替わりごとに江戸へ派遣した使節は何か。,慶賀使,第9章
1669年，アイヌの人びとが松前氏に対して蜂起した戦いは何か。,シャクシャインの戦い,第9章
江戸時代後期に松前藩が行った，アイヌとの交易対象地域（商場・場所）を和人商人に請け負わせて，運上金を納入させる制度は何か。,場所請負制度,第9章
近世朱子学の祖で京学派を形成した儒学者の藤原惺窩に師事して，徳川家康以下４代の将軍に仕えた，林家の祖となった儒学者は誰か。,林羅山/道春,第9章
『大徳寺方丈襖絵』を描いた，江戸幕府の御用絵師は誰か。,狩野探幽,第9章
『風神雷神図屛風』などの装飾画を生みだした，京都の画家は誰か。,俵屋宗達,第9章
俵屋宗達の弟子で，『夕顔棚納涼図屛風』を描いた画家は誰か。,久隅守景,第9章
京都鷹ヶ峰に住み，蒔絵や陶芸・書道などに通じ，『舟橋蒔絵硯箱』といった蒔絵の代表作を残した芸術家は誰か。,本阿弥光悦,第9章
書院造に草庵風の茶室を取り入れた，京都の桂離宮などに代表される建築様式は何か。,数寄屋造,第9章
日光東照宮などの霊廟建築に多く用いられた神社の建築様式は何か。,権現造,第9章
肥前の有田焼の代表的な陶工で，焼いた磁器に色絵を付ける上絵付の技法において赤や黄を発色させる赤絵を完成させた人物は誰か。,酒井田柿右衛門,第9章
洒落や滑稽を引用した貞門俳諧を興した京都の人物は誰か。,松永貞徳,第9章
絵入りで仮名交じりの文章で書かれた，教訓・道徳を主とした江戸時代初期の小説類を何というか。,仮名草子,第9章
幕藩体制において支配身分だった武士の代表的な特権は苗字とあと一つは何か。,帯刀,第9章
郡代・代官らの指示を受けて村政にあたった村方三役のうち，村の長として村政を運営した村役人を何というか。,名主,第9章
村方三役のうち，名主による村政の運営を監視した役人を何というか。,百姓代,第9章
田植えや屋根葺きなどの大規模な作業を，近隣で共同して行うことを何というか。,結,第9章
村全体の責任で，年貢・諸役を請け負う制度を何というか。,村請制,第9章
５戸を基準にして，年貢納入や治安維持などで連帯責任を負った組織を何というか。,五人組,第9章
検地帳に田畑・屋敷地の所有が登録され，年貢・諸役をつとめ村政に参加した高持百姓のことを何というか。,本百姓,第9章
田畑を持たず小作や日用（日雇）仕事に従事した百姓を何というか。,水呑百姓,第9章
年貢の賦課方法について，その年の豊凶に関係なく，一定期間は同じ税率（免）を続ける方法を何というか。,定免法,第9章
年貢の賦課方法について，その年の収穫高に応じて税率（免）を決定する方法を何というか。,検見法,第9章
田畑・屋敷地を基準として，石高の40～50％前後の米穀や貨幣の納入を課せられる年貢を何というか。,本途物成,第9章
本田畑以外の山林や河・海などの副産物に課せられる雑税は何か。,小物成,第9章
一国単位で課せられた，土木工事などの労働の負担を何というか。,国役,第9章
村法（村掟）や村内の秩序に違反した者への制裁の一つで，村民との交際を断たれることを何というか。,村八分,第9章
1643年に出された，田畑の権利が移動して本百姓が没落することを防ぐため，田畑の売買を禁じた法令を何というか。,田畑永代売買の禁止令,第9章
1673年に出された，田畑の細分化を防ぐため，田畑の分割相続を制限した法令を何というか。,分地制限令,第9章
城郭を中心に，農村部から移住してきた武士や地子免除などで積極的に誘致された商人・手工業者が集住して形成された都市は何か。,城下町,第9章
町を自治的に運営するために，独自に定められた規約を何というか。,町法/町掟,第9章
町内に家屋敷を持つ家持（家主）の町人のうち，町奉行の下で町政を担当した者を何というか。,名主,第9章
町において，家主に家賃・店賃を払って家屋を借りる者を何というか。,借家/店借,第9章
検地などを通じて，村の境界を定めることを何というか。,村切,第9章
城下町の周辺や街道沿いなどの立地条件により，定期市などを中心に農村部に形成された町を何というか。,在郷町,第9章
本百姓に隷属する立場の農民は，何と呼ばれていたか。,名子/被官/譜代,第9章
西日本の干ばつと東日本の長雨・冷害による1641～42年の飢饉を何というか。,寛永の飢饉,第9章
徳川家光の異母弟で，４代将軍徳川家綱を補佐した会津藩主は誰か。,保科正之,第9章
1651年に，４代将軍となる徳川家綱が幼少であったため，兵学者の由井正雪が牢人らと企てた幕府転覆未遂事件を何というか。,"慶安の変
/由井正雪の乱",第9章
３代将軍徳川家光までの武断政治に対して，儒教思想や法の整備で秩序の安定をはかった，４代将軍徳川家綱以降の政治を何というか。,文治政治,第9章
４代将軍徳川家綱就任のときに禁じられた，主君の後を追って自殺する追腹とも呼ばれる行為を何というか。,殉死,第9章
４代将軍徳川家綱のとき，50歳未満の大名にも認められた，跡継ぎのない大名が死の直前に養子を願い出ることを何というか。,末期養子,第9章
1657年に発生し江戸城も類焼した江戸の大火を何というか。,明暦の大火,第9章
陽明学者の熊沢蕃山を登用し，閑谷学校の設置などの藩政改革を実施した岡山藩主は誰か。,池田光政,第9章
江戸に彰考館を設け『大日本史』の編纂を開始した水戸藩主は誰か。,徳川光圀,第9章
木下順庵を招いて学問を奨励した加賀藩主は誰か。,前田綱紀,第9章
将軍と老中間の連絡を行った側用人に就任し，大老の堀田正俊の暗殺後に５代将軍徳川綱吉を補佐した人物は誰か。,柳沢吉保,第9章
1685年以降に将軍徳川綱吉が出した極端な動物愛護の法令は何か。,生類憐みの令,第9章
儒教を重視した５代将軍徳川綱吉が，林家の家塾を移転整備した学問所を何というか。,聖堂学問所,第9章
５代将軍徳川綱吉により大学頭に任命された人物は誰か。,林鳳岡/林信篤,第9章
元禄期に深刻になった幕府の財政難に対応するため，慶長小判より金の含有量を下げた元禄小判への改鋳を行った勘定吟味役は誰か。,荻原重秀,第9章
６代将軍徳川家宣と７代将軍徳川家継の治世において，側用人として幕政の中心となった人物は誰か。,間部詮房,第9章
６代将軍徳川家宣の侍講となり，幕政を刷新した朱子学者は誰か。,新井白石,第9章
16の人物が主導した６代将軍徳川家宣・７代将軍徳川家継の治世の政治を何というか。,正徳の政治,第9章
16の人物の建議で，物価の高騰を抑えるために，金の含有量を上げて，慶長小判と同品位に戻して改鋳された小判は何か。,正徳小判,第9章
1715年に出された，長崎貿易の制限令を何というか。,海舶互市新例,第9章
1710年，皇統の保持を図るため，幕府が創設費用を献上して東山天皇の第６皇子の直仁親王を立てて創設された宮家を何というか。,閑院宮家,第9章
江戸時代初期に異様な振る舞いや風体をして，社会の治安を乱した者たちを何というか。,かぶき者,第9章
1684年に出された，近親者が死んだ際に喪に服したり忌引をする期間を定めた法令を何というか。,服忌令,第9章
1684年に設置され，天文観測・編暦を担当した役職を何というか。,天文方,第9章
新井白石がその待遇を簡素化した外国の使節は何か。,朝鮮通信使,第9章
朝鮮国書をはじめとする対外国書に，それまで用いられた大君にかわって新たに用いられた将軍の称号は何か。,日本国王,第9章
慶長小判から元禄小判に改鋳したように，貨幣の質を落として貨幣量を増加させることで生じさせる，差額の益金を何というか。,出目,第9章
17世紀以降，幕府や藩は積極的に新田開発を行ったが，17世紀末以降，有力な町人が出資して開発を請け負った新田を何というか。,町人請負新田,第9章
刃の部分３～４本に分かれて深耕が容易になり農業生産を向上させた，田の荒おこしや開墾用の鍬を何というか。,備中鍬,第9章
菜種や綿実からできた油粕，鰯や鰊からできた〆粕など，金銭を払って購入し，用いられた肥料を何というか。,金肥,第9章
３の肥料のうち，鰯や鰊を日干しにしたものは何か。,干鰯,第9章
近世の農業技術の解説書である農書のうち，宮崎安貞が著したものを何というか。,農業全書,第9章
『広益国産考』や『農具便利論』を著した農学者は誰か。,大蔵永常,第9章
四木三草といった，商品として販売することを目的とする作物を何というか。,商品作物,第9章
四木には茶・桑・漆があるが，越前の奉書紙や播磨の杉原紙などの和紙の原料となった四木の一つは何か。,楮,第9章
瀬戸内海沿岸を中心に，潮の干満を利用して海水を導入し，水分を蒸発させて塩の生産を行う塩田を何というか。,入浜塩田,第9章
足踏み式の送風装置を備えた炉によって砂鉄・木炭を燃焼させる，日本式の製鉄法を何というか。,たたら製鉄,第9章
江戸時代の代表的な金山で，現在の新潟県の金山を何というか。,佐渡相川金山,第9章
16世紀以後に開発された，現在の島根県の銀山を何というか。,石見大森銀山,第9章
三草のうち染料に利用されたもので赤色の染料となった出羽村山地方の特産物は何か。,紅花,第9章
都市の発達により材木の需要が増大したが，秋田で商品化された著名な材木を答えよ。,杉,第9章
奈良晒・近江などの麻と同様に衣料の原料となった，河内・尾張・三河で広く栽培された作物は何か。,木綿,第9章
縮緬や金襴・緞子などを高機で織った，京都の高級絹織物は何か。,西陣織,第9章
江戸時代，京都でつくられた陶磁器の総称を何というか。,京焼,第9章
蝦夷地で生産され，長崎貿易での清への主要な輸出品となった，いりこ・ほしあわび・ふかのひれなどを俵に詰めたものを何というか。,俵物,第9章
土佐の鰹漁や蝦夷地の鰊漁などで行われた網漁法のうち，房総地域の九十九里浜でさかんに行われた網漁法を何というか。,地曳網,第9章
醸造業について，播磨の龍野，下総の野田・銚子が特産地となったものは何か。,醤油,第9章
17世紀後半に作られた，芦ノ湖を水源とする用水を何というか。,箱根用水,第9章
土佐でさかんに行われた漁業を何というか。,鰹漁,第9章
古代より絹織物の生産で上野の伊勢崎と並び著名な上野の町を何というか。,桐生,第9章
17世紀後半に長崎貿易の輸出品となった銅の主な産出地で，現在の栃木県の銅山は何か。,足尾銅山,第9章
江戸日本橋を起点とした，東海道・中山道・甲州道中・日光道中・奥州道中の５つの重要な幹線道路を何というか。,五街道,第9章
本街道と呼ばれる１の幹線道路に対して，それ以外の主要な幹線道路であった北国街道・伊勢街道・長崎街道などの道路を何というか。,脇街道,第9章
幕府や藩が設置した，通行人や物資の検閲を行う施設を何というか。,関所,第9章
江戸日本橋を起点に，１里ごとに設けられた目印を何というか。,一里塚,第9章
主要街道などに置かれた，２～３里ごとに宿泊施設や人馬貨物の継立て施設である問屋場などを整えた施設を何というか。,宿駅/宿場,第9章
宿駅の宿泊設備には，大名・公家らが利用した本陣とそれを補った脇本陣があるが，一般庶民の宿泊所を何というか。,旅籠/旅籠屋,第9章
幕府公用の継飛脚，大名が置いた大名飛脚に対し，民間営業の飛脚を何というか。,町飛脚,第9章
富士川などの整備・高瀬川の開削を行った京都の豪商は誰か。,角倉了以,第9章
明暦の大火で財をなした江戸の材木商人で，東廻り海運・西廻り海運を整備した人物は誰か。,河村瑞賢,第9章
主に上方の酒を輸送するために大坂から江戸までの南海路を運行し，船足の速さで18世紀には菱垣廻船を圧倒した廻船は何か。,樽廻船,第9章
①金貨の鋳造を行った機関を，何というか。,金座,第9章
重さを量って価値を決めて使用した貨幣のことを何というか。,秤量貨幣,第9章
江戸時代の取引・決済について，東日本では主に金貨が用いられたことを何というか。,金遣い,第9章
江戸幕府により寛永期から全国に開設された銭座で大量に鋳造され，江戸時代の金・銀・銭の三貨の通用を支えた銭貨を何というか。,寛永通宝,第9章
東日本と西日本の間での金貨・銀貨の交換や，預金・貸付などを行った商人を何というか。,両替商,第9章
諸藩が領内で発行し，領内でのみ通用した紙幣を何というか。,藩札,第9章
旗本・御家人が幕府からもらう蔵米の受取・売却を代行し，金融業を行って富を蓄えた業者を何というか。,札差,第9章
「天下の台所」と呼ばれた大坂の，諸藩の倉庫に集められた年貢米の蔵米や特産物などの蔵物について蔵米・蔵物の売却代金を管理した商人を何というか。,掛屋,第9章
民間商人の手により各地から大坂の民間の倉庫（納屋）に集められて流通した商品のことを何というか。,納屋物,第9章
都市の問屋商人が農村部における百姓らの家内工業を組織化して，原料や器具を前貸しして生産物を買い取る生産形態を何というか。,問屋制家内工業,第9章
五街道を管理した幕府の役職を何というか。,道中奉行,第9章
五街道は，東海道・中山道・日光道中・奥州道中とあと一つは何か。,甲州道中,第9章
関所のうち，東海道に設置されたものを１つ答えよ。,箱根関,第9章
幕府や大名・旗本などの御用交通で使用される人足や公用馬の常備を，宿駅やその近隣の村の町人・百姓に義務付けた夫役を何というか。,伝馬役,第9章
伝馬役を補った，問屋場に置かれた人馬が不足した時に，近隣の村々に課せられた夫役を何というか。,助郷役,第9章
18世紀末頃から日本海側で発達した廻船で，北海道・東北地方の特産品を大坂などにもたらしたものを何というか。,北前船,第9章
大坂の米市場を答えよ。,堂島,第9章
江戸の青物市場を答えよ。,神田,第9章
上方豪商や武士，町人を担い手に，実証的・実用的な研究・学問や現実を見据えた文芸作品が生まれた，江戸前期の文化を何というか。,元禄文化,第9章
朱子学の一派である南学（海南学派）の谷時中に学び，朱子学と神道を結び付けた垂加神道を創始し，崎門学派を形成した人物は誰か。,山崎闇斎,第9章
加賀藩主前田綱紀に招かれた木下順庵に学び，のちに幕府儒官となって８代将軍徳川吉宗に信任された儒者は誰か。,室鳩巣,第9章
朱子学から陽明学に転じて，「近江聖人」と呼ばれた人物は誰か。,中江藤樹,第9章
中江藤樹に学び，岡山藩主池田光政に仕えたが，著書『大学或問』で幕政を批判したため下総の古河に幽閉された陽明学者は誰か。,熊沢蕃山,第9章
論語などの経典を実証的に研究して後世の解釈である朱子学を批判し，孔子・孟子の教えに立ち戻ることを主張した儒学の一派は何か。,古学派,第9章
古学派の人物で，実用の学を提唱して朱子学を批判し，歴史書の『中朝事実』などを著した人物は誰か。,山鹿素行,第9章
山鹿素行が，朱子学を批判して播磨の赤穂に配流されるきっかけとなった著書は何か。,聖教要録,第9章
古学派のうち，京都堀川に私塾古義堂を開き，日常道徳の教えを説く堀川学派（古義学派）を形成した人物は誰か。,伊藤仁斎,第9章
林羅山が，第３子の林鵞峰（春斎）と共に著した歴史書は何か。,本朝通鑑,第9章
新井白石が，江戸幕府の正統性を述べた史論書は何か。,読史余論,第9章
古文辞学派の祖で，８代将軍徳川吉宗の諮問に答えて『政談』を著し，都市の発達抑制や武士の土着の必要を主張した人物は誰か。,荻生徂徠,第9章
荻生徂徠が，江戸茅場町に開いた私塾は何か。,諼園塾,第9章
荻生徂徠の弟子で，『経済録』を著し専売制導入を説いた人物は誰か。,太宰春台,第9章
中国伝来の薬物学である本草学の分野を築き，『大和本草』を著した人物は誰か。,貝原益軒,第9章
『塵劫記』を著した吉田光由が普及させた和算を大成し，『発微算法』を著した人物は誰か。,関孝和,第9章
江戸幕府の初代の天文方に任じられ，古来の宣明暦に修正を加えた貞享暦を作成した人物は誰か。,渋川春海/安井算哲,第9章
江戸時代前期の歌学者で，和歌に使用できない言葉（制の詞）などの伝統的な制限を排除し，自由な研究を行った人物は誰か。,戸田茂睡,第9章
江戸幕府の歌学方に任じられ『源氏物語』の注釈書である『源氏物語湖月抄』などを著して，国学発展の先駆となった和学者は誰か。,北村季吟,第9章
古典・古歌の注釈研究を行い，『万葉代匠記』を著した和学者は誰か。,契沖,第9章
陽明学者の中江藤樹が近江小川村に開設した塾を何というか。,藤樹書院,第9章
徳川光圀が江戸藩邸に設けた彰考館で編集を始め，水戸藩が編纂を続けて明治期に完成した紀伝体の歴史書は何か。,大日本史,第9章
加賀藩主前田綱紀に仕えて，『庶物類纂』を著した人物は誰か。,稲生若水,第9章
幕藩体制下の問題点と対応策を説く政治経済論を何というか。,経世論,第9章
新井白石が，自らの生い立ちから７代将軍徳川家継死後の引退までを著した自伝書を何というか。,折たく柴の記,第9章
談林俳諧を学んで俳諧で活躍したのち，人びとの愛欲や金銭欲などを描いた浮世草子を創作した人物は誰か。,井原西鶴,第9章
井原西鶴の浮世草子のうち，主人公世之介と遊女らとの愛欲生活を描いた好色物の作品は何か。,好色一代男,第9章
井原西鶴の浮世草子のうち，金銭や出世を追求する町人の喜怒哀楽を描いた町人物の作品は何か。,日本永代蔵,第9章
蕉風（正風）俳諧を確立した，伊賀出身の俳人は誰か。,松尾芭蕉,第9章
松尾芭蕉が，江戸を出発し東北・北陸地方を廻って美濃の大垣に至る旅を題材にした俳諧紀行文は何か。,奥の細道,第9章
浄瑠璃の語りに合わせて人形遣いが人形を操る芸能を何というか。,人形浄瑠璃,第9章
義理人情の葛藤を描写した京都の浄瑠璃・歌舞伎の脚本家は誰か。,近松門左衛門,第9章
近松門左衛門が書いた徳兵衛とお初の心中を扱った世話物の作品は何か。,曽根崎心中,第9章
近松門左衛門が書いた明の遺臣鄭成功を扱った時代物の作品は何か。,国性/姓爺合戦,第9章
大坂に竹本座を興し，義太夫節を創始した人物は誰か。,竹本義太夫,第9章
出雲お国以来の女歌舞伎や元服前の美少年による若衆歌舞伎が禁止された後，前髪を剃った野郎頭の俳優により演じられた歌舞伎は何か。,野郎歌舞伎,第9章
17世紀の後半に活躍した，勇猛な立ち回りの荒事を得意とする江戸歌舞伎の代表的俳優を答えよ。,市川団十郎,第9章
室町時代末期に土佐家の出身者が途絶えていた朝廷の絵画を制作する絵所預となり，土佐派を復興した絵師は誰か。,土佐光起,第9章
土佐派から分かれた住吉派の住吉如慶の子で，江戸幕府の御用絵師として江戸で大和絵を広めた絵師は誰か。,住吉具慶,第9章
『伊勢物語』の三河八橋を題材にした屛風画の『燕子花図屛風』や蒔絵の『八橋蒔絵螺鈿硯箱』などの作品を残した人物は誰か。,尾形光琳,第9章
尾形光琳の代表作で，左右に紅白梅・中央に水流を配した屛風画を何というか。,紅白梅図屛風,第9章
遊女や役者などを題材とした庶民的風俗画であった浮世絵を，当時主流だった本の挿絵から独立した鑑賞作品へと高めた人物は誰か。,菱川師宣,第9章
菱川師宣の人物の代表作で，振り返る女性を描いた浮世絵は何か。,見返り美人図,第9章
上絵付法をもとに色絵技法を完成し，陶工・画家である尾形乾山もその陶法を学んだ，京焼の祖は誰か。,野々村仁清,第9章
元禄期の絵師で，華やかな模様を装飾した友禅染の創始者とされる人物は誰か。,宮崎友禅,第9章
貞門俳諧の後に主流となった談林俳諧を興した俳人は誰か。,西山宗因,第9章
近松門左衛門が描いた世話物の一つで，飛脚問屋の養子忠兵衛と遊女梅川の駆落失敗を描いた作品を何というか。,冥途の飛脚,第9章
女らしさを表現する女形を大成した歌舞伎役者は誰か。,芳沢あやめ,第9章
幕府御用絵師として江戸で大和絵を広めた住吉具慶による，京都とその郊外を描いた作品を何というか。,洛中洛外図巻,第9章
俵屋宗達が創始し，尾形光琳が大成した装飾画の流派は何か。,琳派,第9章
江戸を出発して伊賀・明石などの関西方面を巡る旅を題材にした，松尾芭蕉の俳諧紀行文は何か。,笈の小文,第9章
紀伊藩主から江戸幕府の８代将軍に就任し，幕府財政の立て直しや法制の整備などによる享保の改革を行った将軍は誰か。,徳川吉宗,第10章
禄高の低い者が高い役高の役職に就任する時，在職中だけ不足分の役料を支給する制度を何というか。,足高の制,第10章
金銭の貸借をめぐる訴訟（金公事）を，幕府の評定所は取り上げず，当事者間で解決することとした法令を何というか。,相対済し令,第10章
1722年に制定された，石高１万石につき100石の割合で大名に米を上納させ，代わりに参勤交代の江戸在府期間を短縮した制度は何か。,上げ米,第10章
享保の改革の一環で，収入の不安定な検見法にかわって取り入れられた，豊凶に関係なく年貢率を一定にする徴税法を何というか。,定免法,第10章
享保の改革では漢訳洋書の輸入を緩めて実学を重視し，新たな産業を奨励したが，青木昆陽が栽培法を普及させた救荒作物は何か。,甘藷,第10章
江戸町奉行大岡忠相が設置を進めた，江戸の町方の消防組織は何か。,町火消,第10章
吉宗への意見をもとに設置された，貧民を対象とする施療施設は何か。,小石川養生所,第10章
１の将軍が制定した，裁判や刑の基準を定めた法令書は何か。,公事方御定書,第10章
1732年の西日本の天候不順などが原因で起こった飢饉は何か。,享保の飢饉,第10章
有力百姓が零細農民を年季奉公人として使役する農業経営は何か。,地主手作,第10章
大規模な土地を所有して地主となった豪農と，小作人である小百姓が対立し，村役人の不正を訴えるようになった小百姓の運動は何か。,村方騒動,第10章
幕府や藩の支配や村役人の不正などに対して村単位で百姓が団結し，要求を掲げて直接行動をおこしたことを，総じて何というか。,百姓一揆,第10章
17世紀末以降，村役人が指導し全村民が参加した一揆を何というか。,惣百姓一揆,第10章
町人や百姓が米商人や富商などを襲い，家屋や家財を破却した暴動を何というか。,打ちこわし,第10章
９代将軍徳川家重・10代将軍徳川家治に仕えて，株仲間の公認や印旛沼・手賀沼の干拓事業，最上徳内らによる蝦夷地の調査などの政策を推し進めた老中は誰か。,田沼意次,第10章
運上・冥加の営業税を納めることを条件に，幕府や諸藩から営業の独占権（株）を許可された，商工業者の同業組織を何というか。,株仲間,第10章
田沼が長崎貿易の輸出品として奨励した，蝦夷地の産物を俵に詰めたものを何というか。,俵物,第10章
田沼が鋳造させ，金２朱として通用した初の計数銀貨は何か。,南鐐二朱銀,第10章
1782年の冷害に始まり，翌年の浅間山大噴火により深刻化した，田沼の失脚の一因となった飢饉は何か。,天明の飢饉,第10章
徳川吉宗が栽培を奨励した，朝鮮から輸入された薬用植物は何か。,朝鮮人参,第10章
８代将軍徳川吉宗の創設した田安家・一橋家と，９代将軍徳川家重が創設した清水家の三つの家系をあわせて何というか。,三卿,第10章
若年寄として幕政に参画したが，1784年に江戸城内で刺殺された，老中田沼意次の息子は誰か。,田沼意知,第10章
天明の飢饉のさなか1786年に老中田沼意次が失脚し，翌1787年に江戸・大坂などの主要都市で起こった打ちこわしを何というか。,天明の打ちこわし,第10章
17世紀後半から増え始めた，村々の代表者が要求をとりまとめて領主に直訴する一揆を何というか。,代表越訴型一揆,第10章
５の一揆について，下総国佐倉藩領の名主で，４代将軍徳川家綱に直訴して刑死した義民は誰か。,佐倉惣五郎/木内宗吾,第10章
一致団結の意志を表し，円形に署名した連判状を何というか。,傘連判/傘連判状,第10章
1758年，京都で公家に尊王論を説いた竹内式部が幕府に処罰された事件を何というか。,宝暦事件,第10章
新井白石が，イタリア人宣教師シドッチを尋問して得た西洋の知識をもとに著した西洋研究書３巻を何というか。,西洋紀聞,第10章
蘭学創始期の回想録『蘭学事始』を著した杉田玄白は，前野良沢らと解剖書『ターヘル＝アナトミア』を翻訳したが，その書名は何か。,解体新書,第10章
蘭学入門書の『蘭学階梯』を著し，家塾芝蘭堂を開いた人物は誰か。,大槻玄沢,第10章
３の人物に学び，最初の蘭日辞書『ハルマ和解』を著した人物は誰か。,稲村三伯,第10章
長崎で科学を学んで寒暖計やエレキテル（摩擦起電器），火浣布（不燃布）を製作し，西洋画法で『西洋婦人図』を描いた人物は誰か。,平賀源内,第10章
対露貿易と蝦夷地開発を説き，田沼意次が蝦夷地の調査を行わせるきっかけとなった，仙台藩の医師工藤平助の著書は何か。,赤蝦夷風説考,第10章
『海国兵談』・『三国通覧図説』において海防論を展開し，出版統制令により弾圧された人物は誰か。,林子平,第10章
江戸時代中期以降に発達した，『万葉集』・『古事記』・『日本書紀』などの日本の古典を研究し，日本古来の道を究明した学問を何というか。,国学,第10章
契沖の『万葉代匠記』を学んで日本古来の思想を研究し，外来思想の排斥を説いた神職者は誰か。,荷田春満,第10章
９の人物の門人で，万葉集の注釈書『万葉考』を著したのは誰か。,賀茂真淵,第10章
10の人物に学び，日本古来の精神に返ることを主張して『古事記』の注釈書の『古事記伝』を著した，伊勢松坂の医者は誰か。,本居宣長,第10章
1793年に和学講談所を設立し，『群書類従』を編纂した人物は誰か。,塙保己一,第10章
万人直耕の自然世を理想とした『自然真営道』を著した人物は誰か。,安藤昌益,第10章
『大日本史』の編纂事業に端を発し，大義名分論にもとづく尊王論を展開した水戸藩の学風を何というか。,水戸学,第10章
尊王論者の竹内式部が京都から追放刑となった事件を何というか。,宝暦事件,第10章
諸藩が藩士教育のため設立した機関をそれぞれ何というか。,藩校,第10章
大坂の町人たちの出資によって設立・運営され，中井甃庵や中井竹山を学主とした準官学の教育機関は何か。,懐徳堂,第10章
17の私塾出身の人物で，合理主義を説いた『夢の代』を著した人物は誰か。,山片蟠桃,第10章
石田梅岩が始めた平易な庶民的学問で，商業的行為の正当性を強調し，弟子の手島堵庵や中沢道二らによって広められた学問は何か。,心学,第10章
江戸時代に都市や村々で僧侶・医師・富裕な町人などが運営した，一般庶民の初等教育施設を何というか。,寺子屋,第10章
1695年に『華夷通商考』を著した天文暦算家は誰か。,西川如見,第10章
刑死人を解剖し，日本最初の解剖図録『蔵志』を著した人物は誰か。,山脇東洋,第10章
桂川甫周に学び，『西説内科撰要』を刊行した人物は誰か。,宇田川玄随,第10章
江戸時代中期から女性教育に使用された教訓書を何というか。,女大学,第10章
江戸の遊里を描いた洒落本の『仕懸文庫』を著し，寛政の改革で処罰されて手鎖50日となった戯作者は誰か。,山東京伝,第10章
草双紙から派生した，大人向けの風刺的な絵入り小説を何というか。,黄表紙,第10章
２の小説の代表的な作品である『金々先生栄花夢』の著者は誰か。,恋川春町,第10章
文章を主体として歴史や伝説を扱った読本の前期の作品として，『雨月物語』を著した人物は誰か。,上田秋成,第10章
俳句の五・七・五の形式で，世相や風俗を風刺した文芸を何というか。,川柳,第10章
５の文芸の始祖で，『誹風柳多留』の初編を刊行した人物は誰か。,柄井川柳,第10章
四方赤良，蜀山人などと号して世相を風刺する狂歌や洒落本を発表し天明期に活躍した，幕府の役人・学者としても活動した人物は誰か。,大田南畝,第10章
７の人物の弟子で，天明期から文化文政期に活躍した狂歌師は誰か。,石川雅望/宿屋飯盛,第10章
文人画家として『十便十宜図』の「十宜図」を描いた，天明調俳諧で有名な俳人は誰か。,/与謝蕪村,第10章
近松門左衛門に学んで竹本座の座元となり，浄瑠璃・歌舞伎の代表的戯曲『仮名手本忠臣蔵』を残した浄瑠璃作者は誰か。,竹田出雲,第10章
10の人物の門人で，『本朝廿四孝』などの作品を残した浄瑠璃作者は誰か。,近松半二,第10章
18世紀後半に創始された，庶民的な風俗画である浮世絵を華やかな多色刷で制作した木版の版画を何というか。,錦絵,第10章
12の版画の創始者で，情緒に富む美人画の制作に優れた人物は誰か。,鈴木春信,第10章
人物の上半身や顔のみを大写しにして描いた浮世絵版画は何か。,大首絵,第10章
大首絵を得意とした浮世絵師のうち，『市川鰕蔵』などの個性的な役者絵を描いた人物は誰か。,東洲斎写楽,第10章
中国から伝わった南画の影響を受けて文人・学者が描いた文人画の画家として，９の人物とともに『十便十宜図』を描いた人物は誰か。,池大雅,第10章
西洋画の遠近法を使用して立体感を取り入れた『雪松図屛風』などの代表作をもつ，円山派の祖となった画家は誰か。,円山応挙,第10章
銅版に彫刻や細工を施して印刷する版画を何というか。,銅版画,第10章
平賀源内に学んで18の手法を創始し，『不忍池図』を制作した人物は誰か。,司馬江漢,第10章
白河藩主だった松平定信に仕えて文人画家の谷文晁に学び，洋風画や18の手法を研究して『浅間山図屛風』などを描いた人物は誰か。,亜欧堂田善,第10章
徳川吉宗の孫で，白河藩主から11代将軍徳川家斉の治世に老中首座となり，吉宗の政治を理想として寛政の改革を行った人物は誰か。,松平定信,第10章
凶作や飢饉に備えるため各地に社倉・義倉を設け，籾米を蓄えさせた政策を何というか。,囲米,第10章
町に町入用（町費）の節約分の７割を毎年積み立てさせ，江戸町会所に運用させて貧民救済や低利の融資にあてた制度を何というか。,七分積金,第10章
江戸に流入した没落農民に，資金や食料をあたえて農村に帰ることを奨励した法令を何というか。,旧里帰農令,第10章
無宿人の職業訓練・就労を目的として，幕府が江戸石川島に設けた施設を何というか。,人足寄場,第10章
旗本・御家人救済のため，札差の借金を破棄させた法令は何か。,棄捐令,第10章
湯島聖堂の学問所（のちの昌平坂学問所）では，朱子学を正学とし，それ以外の講義や研究を異学として禁じたが，これを何というか。,寛政異学の禁,第10章
1792年，ロシア皇帝の命により，漂流民の大黒屋光太夫らを連れて根室に来航し，日本との通商を要求したロシア軍人は誰か。,ラクスマン,第10章
天文・測量術などを学び，田沼意次の蝦夷地調査で派遣され，さらに寛政期には幕府の千島列島探査に参加した人物は誰か。,最上徳内,第10章
最上徳内とともに国後島・択捉島に到達して，「大日本恵登呂府」の標柱を択捉島にたてた幕臣は誰か。,近藤重蔵,第10章
1804年，長崎に来航して通商を要求したロシア使節の人物は誰か。,レザノフ,第10章
1807年に幕府直轄となった全蝦夷地を支配した幕府の役職は何か。,松前奉行,第10章
1808年，樺太を調査し，樺太が島であることを確認したのは誰か。,間宮林蔵,第10章
1811年，千島列島を測量していたところを幕府の役人に捕えられ，箱館・松前での監禁中に『日本幽囚記』を記したロシアの軍人は誰か。,ゴローウニン,第10章
1812年，国後島でロシア人に捕えられ，14の人物の釈放に努力した日本人は誰か。,高田屋嘉兵衛,第10章
1808年，イギリス軍艦がオランダ船捕獲の目的で長崎の港に侵入し，長崎奉行に燃料・水・食料を強要して退去した事件を何というか。,フェートン号事件,第10章
1825年，幕府が外国船を撃退することを命じた法令を何というか。,異国船打払令,第10章
1837年，17の法令に基づき，来航したアメリカ船を東京湾の浦賀で浦賀奉行が，鹿児島湾の山川で薩摩藩が砲撃した事件を何というか。,モリソン号事件,第10章
18の事件を批判して処罰された学者について，高野長英の著書を答えよ。,戊戌夢物語,第10章
1839年，幕府が渡辺崋山と高野長英を逮捕し，処罰した事件を何というか。,蛮社の獄,第10章
1790年，風俗を乱す洒落本・好色本や政治批判を行った出版物について，出版を禁じた法令を総じて何というか。,出版統制令,第10章
光格天皇が父の閑院宮典仁親王に太上天皇の尊号を贈ろうとしたが松平定信の反対で実現せず，武家伝奏らが処罰された事件は何か。,尊号一件,第10章
桂川甫周が，漂流民であった大黒屋光太夫からの聞き書きをまとめた漂流記を何というか。,北槎聞略,第10章
11代将軍徳川家斉が，12代将軍徳川家慶に将軍職を譲ったのちも政治の実権を握っていた政治体制を何というか。,大御所政治,第10章
1805年，幕府が設置した関東８ヵ国（関八州）の治安維持を担った役職を何というか。,関東取締出役,第10章
天保の飢饉への幕府や豪商の対応に不満を持ち，1837年に大坂で門弟や民衆とともに蜂起した，元大坂町奉行与力の陽明学者は誰か。,大塩平八郎,第10章
３の人物の影響を受けて，越後柏崎で蜂起した国学者は誰か。,生田万,第10章
12代将軍徳川家慶のもとで老中首座となり，倹約令を発令してぜいたくを厳しく禁じるなどの天保の改革を主導した人物は誰か。,水野忠邦,第10章
1841年，江戸における物価高騰を抑えるため幕府が解散を命じた，問屋商人の同業組織を何というか。,株仲間,第10章
1843年，江戸に流入した下層民を強制的に帰農させた政策は何か。,人返しの法,第10章
1843年，財政安定や対外防備のため，江戸・大坂十里四方の領地を直轄地にしようとした法令を何というか。,上知令,第10章
藩営工業や藩専売制などの藩政改革により財政再建や軍事力の近代化に成功し，国政への発言力を増した薩長土肥などの藩を何というか。,雄藩,第10章
藩校時習館を興すなど，藩政改革に努めた熊本藩主は誰か。,細川重賢,第10章
藩校興譲館を再興するなど，藩政改革に努めた米沢藩主は誰か。,上杉治憲,第10章
藩校明徳館を設立するなど，藩政改革に努めた秋田藩主は誰か。,佐竹義和,第10章
三都の商人からの借金を棚上げし，黒砂糖の専売や琉球を利用した密貿易などで薩摩藩の財政を再建した薩摩藩の家老は誰か。,調所広郷,第10章
反射炉や造船所などを建造し，藩政改革につとめた薩摩藩主は誰か。,島津斉彬,第10章
借財の整理や専売制の見直し，下関の立地を活用した越荷方の設置を行い，藩財政の再建に貢献した萩（長州）藩の人物は誰か。,村田清風,第10章
反射炉を築造し，大砲製造所を設け，軍備の近代化を図った佐賀（肥前）藩主は誰か。,鍋島直正,第10章
16の藩主が行った，小作地を藩に収公させ，一部を地主へ与えて他は小作人へ分け与えた農地改革の制度を何というか。,均田制,第10章
土佐藩主山内豊熈は支出の緊縮による藩財政の再建を図ったが，その際に起用した改革派の藩士たちを何というか。,おこぜ組,第10章
19世紀に大坂周辺や尾張の綿織物業・北関東の絹織物業などで現れた，奉公人（労働者）を工場に集めて分業と協業で効率的な手工業生産を行う方式を何というか。,マニュファクチュア,第10章
農村復興のため，二宮尊徳が行った財政再建策や勤労・倹約を説く活動を何というか。,報徳仕法,第10章
1827年，農村秩序を維持するため，幕領・私領を問わず関東のすべての農村に結成させた組合村を何というか。,寄場組合,第10章
1840年，幕府は川越藩主を庄内藩へ，庄内藩主を長岡藩へ，長岡藩主を川越藩へと３つの藩の転封を計画した。この計画を何というか。,三方領知替え,第10章
1841年，幕命により江戸郊外の徳丸ヶ原で兵の訓練を行い，のちに講武所砲術師範となった砲術家は誰か。,高島秋帆,第10章
陽明学者大塩平八郎が開いていた家塾を何というか。,洗心洞,第10章
農村復興のため，独自の実践道徳である性学を説いた人物は誰か。,大原幽学,第10章
伊豆韮山に反射炉を築造した，伊豆韮山の代官は誰か。,江川太郎左衛門,第10章
『稽古談』を著し，藩専売制の採用，重商主義を説いた人物は誰か。,海保青陵,第10章
『西域物語』・『経世秘策』で富国策を説いた人物は誰か。,本多利明,第10章
本居宣長に影響を受け，日本古来の純粋な信仰を尊んだ復古神道を大成し，幕末の尊王攘夷運動に影響を与えた人物は誰か。,平田篤胤,第10章
全国の沿岸を実測し，『大日本沿海輿地全図』を作成した人物は誰か。,伊能忠敬,第10章
1811年，天文方の高橋景保の建議により，幕府天文台に設置された蘭書の翻訳機関を何というか。,蛮書和解御用,第10章
『暦象新書』を著し万有引力説や地動説を紹介したオランダ通詞で，ケンペルの書物『日本誌』の一部を「鎖国論」の題で訳した人物は誰か。,志筑忠雄,第10章
1838年，緒方洪庵が大坂に開いた蘭学塾を何というか。,適塾,第10章
1824年，オランダ商館医シーボルトが長崎郊外に開き，高野長英らが学んだ医学塾を何というか。,鳴滝塾,第10章
庶民生活の滑稽さを描いた滑稽本について，『東海道中膝栗毛』の著者は誰か。,十返舎一九,第10章
恋愛物を絵入りで描いた人情本の『春色梅児誉美』を著し，天保の改革で処罰されたのは誰か。,為永春水,第10章
文章が主体で歴史や伝説を扱った読本の作家で，『南総里見八犬伝』・『椿説弓張月』の著者は誰か。,曲亭馬琴/滝沢馬琴,第10章
俳書『おらが春』を著して，農村の生活感情を詠んだ俳人は誰か。,小林一茶,第10章
東海道や甲州の各地から眺められる富士山の風景を描いた，傑作の「神奈川沖浪裏」を含む風景版画『富嶽三十六景』の作者は誰か。,葛飾北斎,第10章
東海道の宿場町を描いた風景版画『東海道五十三次』の作者は誰か。,歌川広重/安藤広重,第10章
独自の画風で『公余探勝図巻』を描いた江戸の文人画家の谷文晁に学び，『亦復一楽帖』を描いた豊後竹田の文人画家は誰か。,田能村竹田,第10章
写実的な『鷹見泉石像』や江戸時代の風俗を写生した『一掃百態』などの絵を描いた蘭学者は誰か。,渡辺崋山,第10章
円山応挙の写実的な様式を学び，『柳鷺群禽図屛風』などの作品を描いた，四条派の祖となった人物は誰か。,呉春/松村月溪,第10章
江戸時代には湯治や物見遊山などの庶民の旅が流行したが，全国的に流行した伊勢神宮への集団参拝を何というか。,御蔭参り,第10章
寺社が催した，箱中の木札を錐で突いて抽選を行う賞金当て興行を何というか。,富突/富くじ,第10章
落語・講談など大衆芸能の興行場所を何というか。,寄席,第10章
「東洋道徳・西洋芸術（技術）」を説いた，幕末の開国論者は誰か。,佐久間象山,第10章
高橋至時らにより，西洋暦法を取り入れて作られた暦を何というか。,寛政暦,第10章
折衷学派の儒者広瀬淡窓が豊後日田に開いた私塾は何か。,咸宜園,第10章
水戸藩主徳川斉昭の側用人で尊王攘夷論を説いた水戸学者は誰か。,藤田東湖,第10章
藤田幽谷に学び，著書『新論』で尊王攘夷論を説いた水戸学者は誰か。,会沢安/会沢正志斎,第10章
合巻の『偐紫田舎源氏』を著し，天保の改革で処罰された人物は誰か。,柳亭種彦,第10章
東北地方の各地を巡歴して優れた紀行日記を著した国学者は誰か。,菅江真澄,第10章
随筆集『北越雪譜』を著した越後の文人は誰か。,鈴木牧之,第10章
『東海道四谷怪談』を著した歌舞伎作者は誰か。,鶴屋南北,第10章
万葉調の歌を詠み，書家としても活躍した越後の禅僧は誰か。,良寛,第10章
西国三十三所・四国八十八ヶ所などの霊場を巡る参詣を何というか。,巡礼,第10章
招福のために庚申の夜に集会する，民間信仰の組織を何というか。,庚申講,第10章
