question,dummy_pool,all_answers,sentence,translation
あいなし,"面白くない,気に食わない,ただもう","素晴らしい,恐ろしい,懐かしい",「あな、あいなし。いかでこのかぐや姫を得てしがな」と思ひて、,「ああ、面白くない。どうにかしてこのかぐや姫を手に入れたいものだ」と思って、
あし,"悪い,へただ","良い,優れている,普通だ",あしき者、あしき所に至りて、あしき事をのみ言ふを、,悪い者が、悪い場所に行って、悪い事ばかりを言うのを、
あだなり,"浮気だ,むだだ,はかない","誠実だ,永遠だ,豪華だ",いとあだなる男の形なり。情けある物語などは、えせじと見えて、,とても浮気な男の姿である。風情のある話などは、できまいと見えて、
あはれ,"あぁ,しみじみとした情趣,心に染みて気の毒だ","腹立たしい,滑稽だ,恐ろしい",あはれといふも、なかなかおろかなり。いかさまに言ひけむと思ふに、,「ああ（心に染みる）」と言うのも、かえって言葉が足りない。どのように言ったのだろうかと思うと、
あへなし,"どうしようもない,あっけない","期待通りだ,満足だ,恐ろしい",あまりにあへなき御さまなり。さらぬだに、心細き御住まひを、,あまりにあっけないご様子である。そうでなくてさえ、心細いお住まいなのに、
あらはなり,"丸見えだ,顕著だ","隠れている,秘密だ,控えめだ",あらはなりし所も、皆かくされたり。木の葉の落ちて、空の見えたるが、,丸見えだった場所も、皆隠されている。木の葉が落ちて、空が見えているのが、
いうなり,"優美だ,優雅だ,上手だ","野卑だ,下手だ,醜い",いというに、おもしろき様なり。筆の運びなども、いとめでたきを、,とても優雅で、趣深い様子である。筆の運びなども、実にすばらしいのを、
いさ,さあ（曖昧にごまかす）,"あぁ,いざ,いや",「いさ、我は知らず。心あらむ人に問へ」とて、逃げにければ、,「さあ、私は知らない。情趣のわかる人に聞け」と言って、逃げてしまったので、
いざ,さあ（人を誘う）,"いさ,いや,あぁ",「いざ、たまへ。京の山に、おもしろき所あり」とて、誘ひ出だしたまふに、,「さあ、いらっしゃい。京の山に、趣深い場所がある」と言って、誘い出しなさる時に、
いで,"さあ,いやもう","あぁ,いさ,いや",「いで、あなむつかし。何か、そのことと言はむ」と、のたまふを、,「いやもう、ああ、煩わしい。何と言って、そのこと（理由）を言おうか」と、おっしゃるのを、
いとほし,"かわいそうだ,かわいい","憎らしい,立派だ,恐ろしい",若き人々、いといとほし。いかなる罪ありて、かくなるらむと見れば、,若い人々が、本当にかわいそうだ。どのような罪があって、こうなるのだろうかと見ると、
えんなり,"優美だ,妖艶だ","質素だ,無骨だ,恐ろしい",いとえんに、をかしう書きたまへり。色あひなども、いとをかしきに、,とても優美に、趣深くお書きになった。色合いなども、非常に趣があるのに、
おこす,"送ってくる,寄越す","送る,行く,帰る",「これ、おこせ。しばし見む」とて、手を取りて引き入れたまふを、,「これ、送ってこい（寄越せ）。しばらく見よう」と言って、手を取って引き入れなさるのを、
おぼろけなり,"並一通りだ,並大抵ではない","格別だ,ひどい,珍しい",おぼろけならず、思ひきこえさせたまふ。人よりは、まさりてなむと思ふに、,並一通りではなく、お思い申し上げなさる。他人よりは、勝っていてと思うと、
おもしろし,"趣がある,風流だ,興味深い","面白くない,つまらない,恐ろしい",月いとおもしろき夜。誰も寝で、物語などして明かしつれば、,月がとても趣深い夜。誰も寝ないで、物語などをして夜を明かしたので、
おもて,"面目,顔","手,足,背中",おもてを起こしたる心地して、いとうれしきを、里人に見せむと思ふ。,面目を施した気持ちがして、とてもうれしいのを、里の人に見せようと思う。
かしこし,"恐れ多い,高貴だ,賢い","卑しい,愚かだ,恐ろしい",かしこき御影のかたはらなり。いとど、身のほど知られて、恐ろしきに、,恐れ多い（高貴な）お姿のそばである。ますます、自分の身の程が知られて、恐ろしいのに、
かたじけなし,"恐れ多い,もったいない,恥ずかしい","当然だ,易しい,図々しい",かたじけなくも、問ひたまへるかな。かくまで思ひたまはざりきと言へば、,恐れ多くも、お尋ねくださったものだなあ。これほどまでとは思っていなかったと言うと、
かたち,"容貌,姿,美貌","性格,心,名前",かたち、いときよらにて、世にあるものとも思へず見ゆるを、,容貌が、とても美しくて、この世のものとも思えないように見えるのを、
けに,"いっそうはなはだしく,妙に","普通に,わずかに,決して",今日はいとど、昨日よりもけに、降る雪の白きを、,今日はますます、昨日よりもいっそうはなはだしく、降る雪が白いので、
げに,"本当に,なるほど","決して,おそらく,まさか",げに、さることなり。冬はいみじう寒きがよきを、,本当に、もっともなことである。冬はたいそう寒いのが良いのだが、
こころづきなし,"気に食わない,嫌だ","素晴らしい,懐かしい,恐ろしい",いとこころづきなく、見苦しき御有様なりければ、,とても気に食わず、見苦しいご様子であったので、
こと,"言葉,事柄,わけ","衣,琴,異なり",「ことに出でて言はぬばかり」と思へるを、,「言葉に出して言わないだけだ」と思っているのを、
ことなり,"他と違っている,特に優れている","同じだ,平凡だ,劣っている",ことなることなき人の、いとどしう書き隠したるを、,他と違って特に優れているわけでもない人が、いっそう書き隠しているのを、
ことわり,"道理,もっともだ","嘘,冗談,意外だ",ことわりなりと思ふに、いとど悲しきを、,もっともだ（道理だ）と思うと、いっそう悲しいのだが、
したたむ,"処理する,取り締まる,準備する","壊す,忘れる,邪魔する",したためあへず、こぼれ落つる涙を、,処理しきれず（こらえきれず）、こぼれ落ちる涙を、
たばかる,"策をめぐらす,計画する,騙す","助ける,祈る,謝る",いかでたばかりて、このかぐや姫を得てしがなと思ふに、,なんとかして策をめぐらして、このかぐや姫を手に入れたいものだと思うのに、
つきづきし,"似つかわしい,ふさわしい","見苦しい,幼い,飽き飽きする",冬はいみじう寒き、つきづきしく、いとよきほどなるを、,冬はたいそう寒いのが、ふさわしく、とてもちょうど良い具合なのだが、
なかなかなり,"中途半端だ,かえって","完璧だ,予想通りだ,決して",なかなかなることも侍るを、今は何事か隠し侍らむとて、,かえって（中途半端で）良くないこともございますが、今は何を隠しましょうかと言って、
なべて,"一般に,一面に,普通に","格別に,決して,めったに",なべての人の、え書くまじき筆の跡なりければ、,普通の人が、書くことができそうにない筆跡であったので、
になし,"たぐいない,素晴らしい","ありふれた,ひどい,情けない",世になきまで、になき御かたちを、,世にまたとないほど、素晴らしい（たぐいない）お姿を、
はかなし,"頼りない,あてにならない,ちょっとした","確かな,立派だ,恐ろしい",はかなき夢の、はかなく消えゆくを、,頼りない（ちょっとした）夢が、あてどなく消えてゆくのを、
はかばかし,"はっきりしている,しっかりしている","曖昧だ,幼い,不安だ",はかばかしくも、のたまひ出ださぬを、,はっきりとは、おっしゃい出さないのを、
はしたなし,"間が悪い,中途半端だ,無遠慮だ","心地よい,完璧だ,優しい",はしたなう、思ひおどろかされたる心地して、,間が悪く、思いがけず驚かされた気持ちがして、
あてなり,"身分が高い,上品だ","卑しい,下品だ,粗末だ",いとあてに、やさしき姿なり。色あひなども、いとをかしきに、,とても上品で、優雅な姿である。色合いなども、非常に趣があるのに、
ひがこと,"間違い,悪事","真実,善行,贈り物",「それは、ひがことなり。さること侍らず」と言へば、,「それは、間違いです。そのようなことはございません」と言うと、
ひがひがし,"ひねくれている,無風流だ","素直だ,風流だ,優しい",ひがひがしく、心づきなき御もてなしを、,ひねくれていて、気に食わないおもてなしを、
またなし,"またとない,たぐいない","よくある,劣っている,嫌だ",またなきものに思ひて、かしづきけるを、,またとないもの（大切）に思って、慈しみ育てていたが、
まめなり,"忠実だ,実用的だ","浮気だ,華やかだ,嘘だ",まめやかに、あだなる心なき人を、,忠実に（誠実に）、浮気心のない人を、
みそかなり,"こっそり,ひそかだ","堂々と,派手だ,騒がしい",夜のみそかに、門を出でて、京へとのぼるを、,夜にこっそりと、門を出て、京へとのぼるのを、
ものす,"ある,行く,書く,～である","消える,食べる,眠る",しばしものしたまへ。言ふべきこと侍るを、,しばらくいらっしゃってください。言うべきことがございますので、
やる,"行かせる,導き入れる,晴らす","来る,止める,隠す",心をやるとて、海を眺めて、歌など詠めるを、,心を晴らそうとして、海を眺めて、歌などを詠んだのを、
ゆゑ,"理由,～ため,情緒,教養","結果,偶然,無知",ゆゑある御住まひ、いとあはれに見ゆるを、,趣（情緒）のあるお住まいが、とてもしみじみと感じられるのを、
よし,"由緒,理由,～こと,旨","嘘,欠点,結末",かかるよしを、文に書きて、おこせたるを、,このような旨（理由）を、手紙に書いて、送ってきたのを、
よしなし,"つまらない,具合が悪い,理由がない","立派だ,都合がいい,有名だ",よしなき遊びに、日を明かしつれば、,つまらない遊びに、一日を明かしてしまったので、
よろし,"適当だ,まあまあだ","最高だ,悪い,珍しい",よろしきほどの人なり。いとど、あてなるさまにて、,まあまあの身分の人である。いっそう、上品な様子で、
らうたし,可愛らしい,"憎らしい,恐ろしい,立派だ",いとらうたしと思ひて、かしづきたまふを、,とても可愛らしいと思って、大切に育てなさるのを、
わりなし,"わけがわからない,堪え難い,むやみに","道理にかなう,易しい,当然だ",わりなく悲しきを、え堪へたまはず、,むやみに（堪え難く）悲しいのを、こらえきることができず、
わろし,"よくない,へただ,貧しい","良い,上手だ,豊かだ",わろき人、わろき所に至りて、わろき事をのみ言ふを、,よくない者が、よくない場所に行って、よくない事ばかりを言うのを、
をかし,"興趣がある,美しい,風情がある","恐ろしい,つまらない,腹立たしい",いとをかしう、おもしろき夕暮れなり。月もさし出でて、,とても風情があり、趣深い夕暮れである。月もさし出てきて、
いはけなし,"幼い,あどけない","大人びている,老いている,賢い",いといはけなき御姿の、いとらうたげなるを、,とてもあどけないお姿が、非常に可愛らしい様子なのを、
いぶせし,"うっとうしい,心が晴れない,気がかりだ","清々しい,楽しい,珍しい",いとど、いぶせき心地したまふを、いかにして慰めむと思ふに、,いっそう、心が晴れない（うっとうしい）お気持ちでいらっしゃるのを、どうにかして慰めようと思うと、
いらふ,"返事をする,挨拶する","怒る,泣く,驚く",「いさ、知らず」といらふを、げになど思へるさまにて、,「さあ、知りません」と返事をするのを、本当に（知らない）などと思っている様子で、
おきつ,"取り計らう,指図する","忘れる,怒る,壊す",「かの方におきてたまへ」とのたまふを、承りて出でぬ。,「あちらの方で取り計らってください」とおっしゃるのを、承って（部屋を）出た。
おどろおどろし,"大げさだ,気味が悪い","静かだ,優しい,平凡だ",いとおどろおどろしく、雷などの鳴りひらめくに、,たいそう気味悪く（激しく）、雷などが鳴り響いている時に、
かこつ,"かこつける,恨み嘆く","喜ぶ,褒める,許す",かこつべき方なきを、思ひつづけて臥したまへるに、,嘆く（愚痴を言う）べき方法もないのを、思い続けて横になっていらっしゃる時に、
かたわらいたし,"見苦しい,気の毒だ,きまりが悪い","素晴らしい,羨ましい,当然だ",いとかたわらいたきまで、のたまひ散らすを、,実に見苦しい（きまりが悪い）ほどまで、あれこれとおっしゃるのを、
けうなり,"珍しい,めったにない,とんでもない","よくある,当然だ,易しい",けうに、おもしろき様なり。筆の運びなども、いとめでたきに、,めったにないほど、趣深い様子である。筆の運びなども、実にすばらしいのに、
けざやかなり,"はっきりと,際立っている","曖昧だ,汚い,平凡だ",月の光、いとけざやかにさし出でて、夜を明かせるに、,月の光が、とてもはっきりと差し出てきて、夜を明かしている時に、
けし,"異様だ,悪い,普通と違う","普通だ,良い,美しい",いとけしき御有様なり。何事か侍るらむと思ふに、,たいそう異様な（普通とは違う）ご様子である。何事があるのだろうかと思うと、
こうず,"疲れる,困る","元気になる,楽しむ,驚く",日を明かしつれば、いとこうじて、臥したまへるを、,一日を明かしてしまったので、たいそう疲れて、横になっていらっしゃるのを、
こころう,"理解できる,納得がいく,通じる","疑う,驚く,怒る",いとよくこころえたり。さらば、かくなむあるべきと言へば、,とてもよく理解している。それならば、こうあるべきだと言うと、
こころゆく,"心が晴れ晴れする,理解できる,通じる","不満だ,腹立たしい,悲しい",いとこころゆくばかり、おもしろき夕暮れなり。月もさし出でて、,実に心が晴れ晴れするほど、趣深い夕暮れである。月も差し出てきて、
こちたし,"仰々しい,多すぎる,うるさい","質素だ,静かだ,少ない",人の聞き、いとこちたきを、え堪へたまはず、,人の噂が、とてもうるさい（仰々しい）のを、こらえきることができず、
ことごとし,大げさだ,"謙虚だ,静かだ,小さい",いとことごとしう、のたまひ出だしたるを、誰も聞きゐたり。,たいそう大げさに、おっしゃり出したのを、誰もが聞いていた。
さはる,"さしつかえる,邪魔になる","助かる,進む,喜ぶ",道いとさはれば、え行かまじきよしを、文に書きて、,道がひどく差し支える（通れない）ので、行くことができそうにない旨を、手紙に書いて、
さぶらふ,"お仕えする,ございます,～です","去る,教える,食べる",「ここにさぶらふ」と言へば、いとうれしき心地して、,「ここにございます（控えております）」と言うと、とても嬉しい気持ちがして、
しるし,"はっきりしている,その通りだ","曖昧だ,嘘だ,無理だ",雪の降りたる、いとしるし。月もさし出でて、,雪が降っているのが、とてもはっきりしている。月も差し出てきて、
すさぶ,"興じる,気の向くままに～する","飽きる,止める,嫌う",絵などをすさびたまふ。色あひなども、いとをかしきを、,絵などを（気の向くままに）描いて興じていらっしゃる。色合いなども、非常に趣があるのを、
たいだいし,"とんでもない,もってのほかだ,前途多難だ","素晴らしい,完璧だ,易しい",いとたいだいしき御有様なり。何事か侍るらむと思ふに、,実にもってのほかである（とんでもない）ご様子である。何事があるのだろうかと思うと、
たてまつる,"さしあげる,お召しになる,参上させる","もらう,脱ぐ,断る",御衣たてまつる。いとあてに、やさしき姿なり。,お召し物を（お召しになる／差し上げる）。とても上品で、優雅な姿である。
たふ,"我慢する,能力がある","負ける,逃げる,忘れる",え堪へたまはず、泣きたまふを、いといとほしと思ふに、,我慢することができず、泣きなさるのを、本当にかわいそうだと思うと、
たまふ,"くださる,～なさる,～させていただく","あげる,盗む,叱る",「いざ、たまへ」とて、誘ひ出だしたまふを、誰も聞きゐたり。,「さあ、いらっしゃい（お行きなさい）」と言って、誘い出しなさるのを、誰もが聞いていた。
たゆむ,"油断する,怠る,油断させる","緊張する,急ぐ,続ける",たゆまぬ心に、思ひつづけて臥したまへるを、,油断しない心で、思い続けて横になっていらっしゃるのを、
つかうまつる,"お仕えする,さしあげる,～申し上げる","邪魔する,威張る,断る",御前につかうまつる。いとあてに、やさしき姿なり。,御前にお仕え申し上げる。とても上品で、優雅な姿である。
つつむ,"はばかる,遠慮する,覆い囲む","堂々とする,明かす,捨てる",人聞きをつつみて、え行かまじきよしを、文に書きて、,人聞（世間の評判）を遠慮して、行くことができそうにない旨を、手紙に書いて、
てうず,"整える,調伏する,こらしめる","壊す,汚す,逃がす",したため、てうじあへず、こぼれ落つる涙を、,（心を）整え、処理しきれず、こぼれ落ちる涙を、
とし,"速い,すぐに,するどい","遅い,鈍い,決して",月のさし出づるも、いととし。誰も寝で、物語などして、,月が差し出るのも、とても早い。誰も寝ないで、物語などをして、
とみなり,"急だ,急には","ゆっくり,永遠だ,当然だ",とみなることありて、え行かまじきよしを、文に書きて、,急なことがあって、行くことができそうにない旨を、手紙に書いて、
ともし,"羨ましい,貧しい","見苦しい,溢れている,嫌だ",人の御有様、いとともしく見ゆるを、いかにして慰めむと思ふに、,人のご様子が、とても羨ましく見えるのを、どうにかして慰めようと思うと、
なのめなり,"平凡だ,いい加減だ,格別だ","異常だ,丁寧だ,決して",なのめならず、思ひきこえさせたまふを、誰も聞きゐたり。,並一通りではなく（格別に）、お思い申し上げなさるのを、誰もが聞いていた。
なめし,"無礼だ,失礼だ","礼儀正しい,優しい,謙虚だ",いとなめき人の御有様なりければ、いとど、身のほど知られて、,とても無礼な人のご様子であったので、ますます、自分の身の程が知られて、
ならふ,"なじむ,慣れる,習う","飽きる,忘れる,驚く",ならはぬ山路に、いとこうじて、臥したまへるを、,慣れない山道に、たいそう疲れて、横になっていらっしゃるのを、
はべり,"お仕えする,ございます,～です","去る,食べる,眠る",「ここに侍る」と言へば、いとうれしき心地して、,「ここにございます（控えております）」と言うと、とても嬉しい気持ちがして、
まかる,"退出申し上げる,参ります,～申す","来る,入る,威張る",「今なむまかる」と言ひて、門を出でて、京へとのぼるを、,「今、退出いたします」と言って、門を出て、京へとのぼるのを、
まさなし,"みっともない,不都合だ,良くない","素晴らしい,正しい,完璧だ",まさなきことなり。何事か侍るらむと思ふに、,みっともない（不都合な）ことである。何事があるのだろうかと思うと、
またし,"完全だ,決して","欠けている,嘘だ,少し",またき夢の、はかなく消えゆくを、いかにして慰めむと思ふに、,完全な（はっきりした）夢が、あてどなく消えてゆくのを、どうにかして慰めようと思うと、
まどふ,"迷う,ひどく～する,慌てる","落ち着く,知っている,止める,ゆっくり",「いづくへか」とまどふを、いといとほしと思ふに、,「どこへ（行くのか）」と慌て迷うのを、本当にかわいそうだと思うと、
まねぶ,"まねる,伝える,学ぶ","忘れる,隠す,創作する",ありしよしを、まねびたまふを、誰も聞きゐたり。,あった通りの旨を、お伝え（真似）なさるのを、誰もが聞いていた。
まゐる,"参上する,さしあげる,召し上がる","帰る,もらう,捨てる",御前にはやくまゐりたまへ。いとあてに、やさしき姿なり。,御前へ早く参上しなさい。とても上品で、優雅な姿である。
むくつけし,"気味が悪い,無骨だ","美しい,優しい,上品だ,懐かしい",いとむくつけき鬼の形なり。情けある物語などは、えせじ。,とても気味の悪い（不気味な）鬼の姿である。風情のある話などは、できまい。
むすぶ,"すくいあげる,作る,約束する","壊す,捨てる,忘れる",手に結ぶ水に宿れる月影の、あるかなきかのごとくなるを、,手で掬い上げる水に宿っている月の光が、あるかないかのような様子なのを、
めづ,"心がひかれる,愛する,褒める","憎む,飽きる,驚く",いとよく書き隠したるを、めづらしと思ひて、めづるを、,とても上手に書き隠しているのを、珍しいと思って、心がひかれる（褒める）のを、
めやすし,"見苦しくない,感じが良い","醜い,恐ろしい,恥ずかしい",めやすきほどの人なり。いとど、あてなるさまにて、,感じが良い（見苦しくない）程度の身分の人である。いっそう、上品な様子で、
もてなす,"取り計らう,もてはやす,振る舞う","邪魔する,壊す,隠す",いかでもてなすべき。何事か侍るらむと思ふに、,どのように取り計らうのがよいか。何事があるのだろうかと思うと、
やすらふ,"ためらう,休む,立ち止まる","急ぐ,走る,決める",しばしやすらひたまへ。言ふべきこと侍るを、,しばらくためらい（立ち止まり）なさい。言うべきことがございますので、
やむ,"終わる,治る,中止する","始まる,悪化する,続ける",風のやむを待つ。誰も寝で、物語などして明かしつれば、,風が止む（終わる）のを待つ。誰も寝ないで、物語などをして夜を明かしたので、
ゆくりなし,"思いがけない,突然に,軽はずみだ","予定通りだ,永遠だ,慎重だ",ゆくりなく、おもしろき夕暮れなり。月もさし出でて、,思いがけず、趣深い夕暮れである。月も差し出てきて、
らうがはし,"混雑している,乱暴だ,騒々しい","静かだ,整っている,丁寧だ",いとらうがはしく、見苦しき御有様なりければ、,とても騒々しく（混雑して）、見苦しいご様子であったので、
らうらうじ,"洗練されている,上品で美しい","無骨だ,卑しい,汚い",いとらうらうじく、やさしき姿なり。色あひなども、いとをかしきに、,とても洗練されていて（上品で）、優雅な姿である。色合いなども、非常に趣があるのに、
あまた,"たくさん,数多く,非常に","少し,わずか,決して",あまたの人、門を出でて、京へとのぼるを、,たくさんの人が、門を出て、京へとのぼるのを、
あや,"波紋,模様,理由,分別","嘘,冗談,太陽",あやなきことなり。何事か侍るらむと思ふに、,分別のない（道理に合わない）ことである。何事があるのだろうかと思うと、
あやにくなり,"あいにくだ,都合が悪い,厳しい","幸いだ,優しい,予定通りだ",あやにくなることありて、え行かまじきよしを、文に書きて、,あいにくな（不都合な）ことがあって、行くことができそうにない旨を、手紙に書いて、
あらまし,"予定,予想,期待","過去,秘密,嘘",あらまし、いとしるし。月もさし出でて、夜を明かせるに、,（当初の）予定が、とてもはっきりしている（その通りだ）。月も差し出てきて、夜を明かしている時に、
あらまほし,"好ましい,望ましい,そうありたい","嫌だ,恐ろしい,卑しい",あらまほしき人の御有様なり。いとあてに、やさしき姿なるを、,望ましい（理想的な）人のご様子である。とても上品で、優雅な姿なのを、
あり,"存在する,生きる,住む,～である","消える,死ぬ,壊れる",かかる人もありけりと、いとど、身のほど知られて、,このような人もいたのだなあと、ますます、自分の身の程が知られて、
あるじ,"客をもてなす,ご馳走する,主人","客,召使い,泥棒",あるじしたまふ。いとらうたしと思ひて、かしづきたまふを、,（饗応して）もてなしなさる。とても可愛らしいと思って、大切に育てなさるのを、
い,"眠り,睡眠","手,足,目",いも寝られず、思ひつづけて臥したまへるに、,眠りもできず（寝られず）、思い続けて横になっていらっしゃる時に、
いかなり,"どうだ,どのようだ","これだ,あれだ,決して",いかなる罪ありて、かくなるらむと見れば、,どのような罪があって、こうなるのだろうかと見ると、
いとど,"ますます,いっそう","少しも,めったに,決して",いとど、あてなるさまにて、世にあるものとも思へず、,ますます、上品な様子で、この世のものとも思えず、
いふかひなし,"どうしようもない,つまらない,情けない","素晴らしい,立派だ,有名だ",いふかひなき夢の、はかなく消えゆくを、,どうしようもない（つまらない）夢が、あてどなく消えてゆくのを、
うつつ,"現実,正気,夢見心地","夢,嘘,幻",うつつともおぼえぬ、いとえんなる御さまなり、,現実とも思われない、とても優美なご様子である、
おほかた,"だいたい,全然,そもそも","決して,少しも,突然",おほかた、知らぬことなり。さること侍らずと言へば、,だいたい（そもそも）、知らないことである。そのようなことはございませんと言うと、
かく,"このように,こう","あのように,決して,どこへ",かくまで思ひたまはざりき。いとど、身のほど知られて、,これほどまで（このように）とは思っていなかった。ますます、自分の身の程が知られて、
かたし,"難しい,まれだ,～にくい","易しい,普通だ,柔らかい",え堪へたまふまじう、かたき御有様なりければ、,こらえきることができそうもなく、難しい（堪え難い）ご様子であったので、
かたへ,"仲間,欠片,かたわら,一部分","敵,全部,嘘",かたへの人の、え書くまじき筆の跡なり、,仲間の人が、書くことができそうにない筆跡である、
かたみに,"互いに,交互に","自分だけ,決して,ずっと",かたみに、いといとほしと思ひて、泣きたまふを、,互いに、本当にかわいそうだと思って、泣きなさるのを、
かづく,"褒美として頂戴する,かぶる,水中に潜る","あげる,脱ぐ,捨てる",御衣かづきたまふ。いとあてに、やさしき姿なり、,お召し物を（褒美として）頂戴なさる。とても上品で、優雅な姿である、
かひなし,"むだだ,効果がない,つまらない","有益だ,素晴らしい,確実だ",かひなきことなり。何事か侍るらむと思ふに、,むだ（つまらない）なことである。何事があるのだろうかと思うと、
きは,"身分,程度,そば,限り","心,名前,嘘",きは、いとよきほどなり。いとど、あてなるさまにて、,身分が、とてもちょうど良い程度である。いっそう、上品な様子で、
さ,"そう,そのように,その通り","こう,ああ,決して",「さること侍らず」と言へば、いとうれしき心地して、,「そのような（そういう）ことはございません」と言うと、とても嬉しい気持ちがして、
さがなし,"意地が悪い,やかましい,いたずらだ","優しい,静かだ,素直だ",さがなき童べの、あしき事をのみ言ふを、,いたずらな（意地の悪い）子供たちが、悪い事ばかりを言うのを、
さて,"そのまま,それ以外,ところで","突然,決して,まさか",さて、しばしものしたまへ。言ふべきこと侍るを、,そのまま、しばらくいらっしゃってください。言うべきことがございますので、
さも,"いかにも,そのように,それほど","決して,少しも,どこへ",さも、ことわりなりと思ふに、いとど悲しきを、,いかにも、もっともだ（道理だ）と思うと、いっそう悲しいのだが、
さらなり,"言うまでもない,もちろんだ","ありえない,嘘だ,少し",冬はいみじう寒きがよきは、さらなり。,冬はたいそう寒いのが良いのは、言うまでもない（もちろんである）。
さり,そうだ,"違う,嘘だ,決して",さり、げに、さることなり。冬はいみじう寒きが、,そうだ、本当に、その通りである。冬はたいそう寒いのが、
しな,"身分,品位,種類","名前,体,嘘",しな、いときよらにて、世にあるものとも思へず、,身分（品位）が、とても美しくて、この世のものとも思えず、
すべ,"手段,方法","結果,理由,嘘",いかですべきすべもなきを、思ひつづけて臥したまへるに、,どうすればよいか手段（方法）もないのを、思い続けて横になっていらっしゃる時に、
せうそこ,"手紙,取次ぎ,来意","食事,睡眠,嘘",せうそこ、いとしるし。月もさし出でて、夜を明かせるに、,来意（取次ぎ／手紙）が、とてもはっきりしている。月も差し出てきて、夜を明かしている時に、
せちなり,"ひどい,痛切だ,しきりに","穏やかだ,わずかに,決して",せちに、おもしろき様なり。筆の運びなども、いとめでたきに、,ひたむきに（ひどく）、趣深い様子である。筆の運びなども、実にすばらしいのに、
そのかみ,"その当時,当時","将来,現代,来世",そのかみの人の御有様、いとあてに、やさしき姿なり、,当時の人のご様子は、とても上品で、優雅な姿である、
ただ,"直接,すぐに,まるで,普通だ","遠く,ゆっくり,決して",ただ、かの方へおこせ。しばし見むと思ふを、,直接（すぐに）、あちらの方へ送ってこい。しばらく見ようと思うのを、
たづき,"手段,手がかり,頼る所","結果,理由,嘘",いかですべきたづきもなきを、思ひつづけて臥したまへるに、,どうすればよいか手段（手がかり）もないのを、思い続けて横になっていらっしゃる時に、
たのむ,"あてにする,あてにさせる","疑う,嫌う,忘れる",たのめし言を、空だのめにして、夜を明かせるに、,あてにさせた（約束した）言葉を、空頼みにして、夜を明かしている時に、
つゆ,"少しも,わずか,はかないもの","とても,常に,決して",つゆ、知らぬことなり。さること侍らずと言へば、,少しも、知らないことである。そのようなことはございませんと言うと、
とが,"罪,欠点","手柄,幸福,贈り物",いかなるとがありて、かくなるらむと見れば、,どのような罪があって、こうなるのだろうかと見ると、
はらから,兄弟姉妹,"他人,敵,夫婦",はらから、あまたの人、門を出でて、京へとのぼるを、,兄弟姉妹など、たくさんの人が、門を出て、京へとのぼるのを、
びんなし,"不都合だ,具合が悪い,つまらない","都合が良い,素晴らしい,有名だ",いとびんなき御有様なり。何事か侍るらむと思ふに、,実に不都合な（具合が悪い）ご様子である。何事があるのだろうかと思うと、
ふる,"古びる,月日を経る,老いる","若返る,始まる,壊れる",ふる郷に、一人臥したまへるを、いといとほしと思ふに、,古びた（馴染みの）里に、一人横になっていらっしゃるのを、本当にかわいそうだと思うと、
ふるさと,"旧都,昔馴染みの地","新都,知らぬ土地,外国",ふるさとの、月いとおもしろき夜。誰も寝で、物語などして、,昔馴染みの地の、月がとても趣深い夜。誰も寝ないで、物語などをして、
ほだし,"足手まとい,束縛,手かせ","助け,自由,宝物",身のほだしと思ふに、いとど、あてなるさまにて、,身の足手まとい（束縛）だと思うと、いっそう、上品な様子で、
まだき,"まだその時期でないうちに,早くも","遅れて,ちょうど,決して",まだきに、月のさし出づるも、いととし。,早くも、月が差し出るのも、とても早い。
むべ,"なるほど,もっともなことに","まさか,決して,もしや",むべ、ことわりなりと思ふに、いとど悲しきを、,なるほど、もっともだ（道理だ）と思うと、いっそう悲しいのだが、
やをら,"そっと静かに,おもむろに","急いで,騒がしく,堂々と",やをら、門を出でて、京へとのぼるを、,そっと静かに、門を出て、京へとのぼるのを、
よすが,"身を寄せる所,縁者","敵,嘘,荒野",いづくをよすがとまどふを、いといとほしと思ふに、,どこを身を寄せる所（頼り）として迷うのかと、本当にかわいそうだと思うと、
よろこび,"昇進の慶事,お礼","葬儀,悪口,借金",よろこびを申しに、御前にはやくまゐりたまへ。,（昇進の）お礼を申し上げに、御前へ早く参上しなさい。
よろづ,"すべて,何事につけて","少し,何もかも,決して",よろづ、いとおもしろき夕暮れなり。月もさし出でて、,すべて（何事も）、趣深い夕暮れである。月も差し出てきて、
れい,"いつも,通例,普通","特別,異常,未来",れいの、あしき事をのみ言ふを、聞きゐたるに、,いつものように、悪い事ばかりを言うのを、聞いている時に、
わく,"区別する,分配する","混ぜる,捨てる,隠す",よしなしと、わきて言ふべきことならねば、,つまらないと、区別して言うべきことではないので、
をこ,"愚かだ,ばかなひと","賢い,立派だ,鋭い",をこなことなり。何事か侍るらむと思ふに、,愚かなことである。何事があるのだろうかと思うと、
いつしか,"早く,早くも,いつのまにか","遅く,決して,ずっと",いつしか、月のさし出づるも、いととし。,早くも（いつのまにか）、月が差し出るのも、とても早い。
え,～できない,"～できる,決して,早く",え行かまじきよしを、文に書きて、おこせたるを、,行くことができそうにない旨を、手紙に書いて、送ってきたのを、
えならず,"なんとも言えないほど素晴らしい,並大抵でない","見苦しい,平凡だ,恐ろしい",えならず、おもしろき様なり。筆の運びなども、,なんとも言えないほど素晴らしい、趣深い様子である。筆の運びなども、
かけて,"決して,心にかけて","少しも,まさか,早く",かけて、さること侍らずと言へば、いとうれしき心地して、,決して、そのようなことはございませんと言うと、とても嬉しい気持ちがして、
かずならず,取るに足りない,"立派だ,重要な,有名だ",かずならぬ身のほど知られて、恐ろしきに、,取るに足りない（身分の低い）わが身の程が知られて、恐ろしいのに、
かつ,"一方では,すでに,すぐに","決して,全く,ずっと",かつ見、かつ忘るる夢の、はかなく消えゆくを、,一方では見、一方では忘れる夢が、あてどなく消えてゆくのを、
かまへて,"なんとかして,心して,決して","適当に,決して,うっかり",かまへて、このかぐや姫を得てしがなと思ふに、,なんとかして、このかぐや姫を手に入れたいものだと思うのに、
さだめて,"きっと,必ず","おそらく,決して,まさか",さだめて、さることなり。冬はいみじう寒きが、,きっと、その通りである。冬はたいそう寒いのが、
さらに,"決して,全然,重ねて","とても,常に,早く",さらに、え行かまじきよしを、文に書きて、,決して（全然）、行くことができそうにない旨を、手紙に書いて、
さりぬべし,"適当だ,それ相当だ","不適当だ,異常だ,嘘だ",さりぬべきほどの人なり。いとど、あてなるさまにて、,それ相当の（適当な身分の）人である。いっそう、上品な様子で、
さるは,"そうはいっても,実は","だから,決して,さて",さるは、いとをかしう書きたまへり。色あひなども、,そうはいっても（実は）、非常に趣深くお書きになった。色合いなども、
されば,"だから,いっだい,さて","しかし,決して,もしや",されば、いかなる罪ありて、かくなるらむと、,だから（いったい）、どのような罪があって、こうなるのだろうかと、
せむかたなし,"どうしようもない,我慢できない","解決できる,易しい,当然だ",いかですべきせむかたなきを、思ひつづけて臥したまへるに、,どうすればよいかどうしようもないのを、思い続けて横になっていらっしゃる時に、
せめて,"無理に,ひどく","穏やかに,決して,少し",せめて、さるべきことと言はむと、のたまふを、,無理に（ひどく）、そうあるべきことと言おうと、おっしゃるのを、
たえて,"全く,全く～ない","常に,とても,早く",たえて、知らぬことなり。さること侍らずと言へば、,全く、知らないことである。そのようなことはございませんと言うと、
とあり,ああだ,"こうだ,どうだ,決して",とあり、かあり、いづくへかとまどふを、,ああだ、こうだ（ああいったりこういったり）、どこへ行くのかと慌て迷うのを、
な～そ,～ないでくれ,"～なさい,～だろう,～かもしれない",「な、泣きたまひそ」と言ふを、いといとほしと思ふに、,「（どうか）泣かないでください」と言うのを、本当にかわいそうだと思うと、
ねをなく,声を上げて泣く,"黙る,笑う,眠る",いと忍びがたく、ねをなくを、え堪へたまはず、,実に堪え難く、声を上げて泣くのを、こらえきることができず、
はた,"～もまた,それとも","決して,全く,常に",はた、さることなり。冬はいみじう寒きが、,～もまた、その通りである。冬はたいそう寒いのが、
ひとやりならず,"自分のせいで,自ら求めて","他人のせいで,偶然に,嘘だ",ひとやりならぬ悲しきを、え堪へたまはず、,（他人のせいではなく）自分のせいである悲しさを、こらえきることができず、
ひねもす,一日中,"一晩中,わずかな間,決して",ひねもす、月を眺めて、歌など詠めるを、,一日中、月を眺めて、歌などを詠んだのを、
やるかたなし,"晴らしようがない,どうしようもない","解決できる,楽しい,易しい",やるかたなき夢の、はかなく消えゆくを、,晴らしようがない（どうしようもない）夢が、あてどなく消えてゆくのを、
ゆめ,"決して,全く","常に,とても,まさか",ゆめ、さること侍らずと言へば、いとうれしき心地して、,決して、そのようなことはございませんと言うと、とても嬉しい気持ちがして、
よに,"たいそう,実に,決して","少しも,まさか,常に",よに、おもしろき夕暮れなり。月もさし出でて、,実に（たいそう）、趣深い夕暮れである。月も差し出てきて、
よも,"まさか,決して～ない","きっと,常に,とても",よも、さること侍らじと言へば、いとうれしき心地して、,まさか、そのようなことはございませんだろうと言うと、とても嬉しい気持ちがして、
われか,"正気を失った,自分のことか","冷静だ,他人のことか,嘘だ",われか、人か、いづくへかとまどふを、,自分（正気）か、他人か、どこへ行くのかと慌て迷うのを、
をさをさ,"ほとんど,めったに～ない","しっかり,とても,常に",をさをさ、知らぬことなり。さること侍らずと言へば、,ほとんど（めったに）、知らないことである。そのようなことはございませんと言うと、
うち,"強意,ちらっと,さっと","ずっと,決して,ゆっくり",雪のうち降りたる、いとしるし。月もさし出でて、,雪がさっと（少し）降っているのが、とてもはっきりしている。月も差し出てきて、
うらがなし,なんとなく悲しい,"とても嬉しい,怒っている,楽しい",秋の夕暮れ、いとうらがなしきに、月のさし出づるも、,秋の夕暮れ、なんとなく悲しい時に、月が差し出るのも、
うらなし,"無心だ,安心してうっかりしている","疑り深い,賢い,怒っている",いとうらなう、のたまひ出だしたるを、誰も聞きゐたり。,とても無心に（うっかりと）、おっしゃり出したのを、誰もが聞いていた。
かきくどく,くり返し言う,"一度だけ言う,黙る,嘘をつく",ありしよしを、かきくどきたまふを、誰も聞きゐたり。,あった通りの旨を、繰り返しおっしゃるのを、誰もが聞いていた。
かきくもる,"涙で目がうるむ,急に暗くなる","晴れる,乾く,笑う",目のかきくもるを、え堪へたまはず、泣きたまふを、,目が（涙で）うるむのを、こらえきることができず、泣きなさるのを、
かきくらす,悲しみにくれる,"喜ぶ,楽しむ,眠る",かきくらして、思ひつづけて臥したまへるに、,悲しみにくれて（心を暗くして）、思い続けて横になっていらっしゃる時に、
かぬ,"～に堪えられない,～できない","～できる,易しい,常に",泣きたまふを、見かぬれば、いといとほしと思ふに、,泣きなさるのを、（正視に）堪えられないで見ていると、本当にかわいそうだと思うと、
がてに,～できない,"～できる,～しやすい,決して",寝がてに、思ひつづけて臥したまへるを、,（なかなか）眠ることができなくて、思い続けて横になっていらっしゃるのを、
がまし,"～の様子だ,～らしい","～ではない,全く,決して",わがましき御有様なり。何事か侍るらむと思ふに、,自分勝手な（〜の様子な）ご様子である。何事があるのだろうかと思うと、
がり,～のところへ,"～のせいで,～のふり,決して",人のがり、文を書きて、おこせたるを、,人のところへ、手紙を書いて、送ってきたのを、
げ,いかにも～のようすだ,"～ではない,まさか,常に",いとらうたげなるを、いとど、身のほど知られて、,いかにも可愛らしい（〜の様子な）のを、ますます、自分の身の程が知られて、
ことごころ,浮気心,"忠実,誠実,嘘",ことごころありて、あだなる男の形なり。,浮気心があって、浮気な男の姿である。
ことどころ,別の場所,"同じ場所,ここ,どこへ",ことどころの人、門を出でて、京へとのぼるを、,別の場所の人が、門を出て、京へとのぼるのを、
ことひと,他の人,"自分,同じ人,嘘",ことひとの、え書くまじき筆の跡なりければ、,他の人が、書くことができそうにない筆跡であったので、
このかた,"別の方,こちら","あちら,決して,どこへ",このかたへ、しばしものしたまへ。言ふべきこと侍るを、,こちら（別の方）へ、しばらくいらっしゃってください。言うべきことがございますので、
しろふ,～しあう,"一人でする,止める,決して",言ひしろふを、いといとほしと思ふに、,言い合っているのを、本当にかわいそうだと思うと、
そむ,"～し始める,初めて～する","終わる,止める,決して",咲きそめたる花の、いとしるし。月もさし出でて、,咲き始めた花の（様子が）、とてもはっきりしている。月も差し出てきて、
そらごと,うそ,"真実,秘密,贈り物",「それは、そらごとなり。さること侍らず」と言へば、,「それは、嘘です。そのようなことはございません」と言うと、
そらだのめ,から約束,"本当の約束,誠実,嘘",そらだのめ、いとびんなき御有様なりければ、,空約束（は）、実に不都合な（具合が悪い）ご様子であったので、
たちおくる,遅くなる,"早くなる,同時だ,決して",月日のたちおくるる、いとど、悲しきを、,（時期が）遅くなるのが、いっそう悲しいのだが、
たちこむ,"混雑する,入り込む","空いている,出て行く,決して",いとたちこみ、見苦しき御有様なりければ、,とても混雑して、見苦しいご様子であったので、
たちわかる,別れる,"出会う,集まる,決して",たちわかるる夢の、はかなく消えゆくを、,別れる（ときの）夢が、あてどなく消えてゆくのを、
だつ,"～がかる,～のように見える","～ではない,全く,常に",あだだてる御有様なり。何事か侍るらむと思ふに、,浮気びている（〜がかった）ご様子である。何事があるのだろうかと思うと、
ついゐる,ちょっと座る,"立つ,走る,眠る",ついゐたまへる姿、いとあてに、やさしき姿なり。,ちょっと座っていらっしゃる姿は、とても上品で、優雅な姿である。
づから,"～によって,自分から","他人から,偶然に,嘘だ",手づから、文を書きて、おこせたるを、,自分の手で（自分から）、手紙を書いて、送ってきたのを、
どち,～同士,"～以外,一人で,決して",女どち、物語などして、夜を明かせるに、,女同士、物語などをして、夜を明かしている時に、
なす,"ことさら～する,わざと～する","うっかりする,止める,決して",いとど、よくなしたまへり。色あひなども、いとをかし。,いっそう、ことさら良く（お作り）なさった。色合いなども、非常に趣がある。
なまはしたなし,なんとなくきまりが悪い,"とても心地よい,完璧だ,優しい",なまはしたなう、のたまひ出だしたるを、誰も聞きゐたり。,なんとなくきまり悪く、おっしゃり出したのを、誰もが聞いていた。
ほのきこゆ,かすかに聞こえる,"はっきり聞こえる,黙る,決して",風の音のほのきこゆる、いとど、悲しきを、,風の音がかすかに聞こえるのが、いっそう悲しいのだが、
めかし,～のようだ,"～ではない,全く,決して",今めかしき御有様なり。何事か侍るらむと思ふに、,現代風な（〜のような）ご様子である。何事があるのだろうかと思うと、
めく,"～のようになる,～風だ","～ではない,全く,決して",今めきたる御さまなり。いとあてに、やさしき姿なるを、,現代風である（〜のようになっている）ご様子である。とても上品で、優雅な姿なのを、
もてあつかふ,"世話をする,もてあます","捨てる,無視する,壊す",いとよくもてあつかひたまへり。色あひなども、,とてもよくお世話（取り扱い）なさっている。色合いなども、
ものぐるほし,正気を失ったようだ,"冷静だ,賢い,優しい",ものぐるほしう、いづくへかとまどふを、,正気を失ったようで、どこへ行くのかと慌て迷うのを、
ありがたし,"めったにない,生きづらい,素晴らしい","ありふれている,易しい,常に",「世の中にありがたきもの、舅にほめらるる婿」と言へば、,「世の中にめったにないもの（は）、舅に褒められる婿だ」と言うと、
うしろめたし,"気がかりだ,心配だ,不安だ","安心だ,信頼できる,立派だ",親などのうしろめたく思ふらむを、え堪へたまはず、,親などが（自分のことを）心配に思っているだろうことを、こらえきることができず、
うしろやすし,"安心だ,頼もしい","心配だ,不安だ,気がかりだ",うしろやすき御有様なり。何事も任せたまへれば、,安心な（頼もしい）ご様子である。何事も（あの方に）お任せになっているので、
うつくし,"かわいい,立派だ,見事だ","醜い,恐ろしい,憎らしい",うつくしきもの。瓜にかきたるちごの顔。,かわいらしいもの。瓜に描いた赤ん坊の顔。
うるはし,"整っていて美しい,きちんとしている","乱れている,醜い,粗末だ",いとうるはしく、あてなる御住まひを、,とても整っていて美しく、上品なお住まいを、
おどろく,"目を覚ます,っと気づく","驚く,眠る,忘れる,怒る",おどろきて、外を見れば、夜を明かせるに、,（ふと）目を覚まして、外を見ると、夜が明けている時に、
おぼつかなし,"気がかりだ,ぼんやりしている,もどかしい","はっきりしている,安心だ,近い",おぼつかなき夢の、はかなく消えゆくを、,ぼんやりとした（はっきりしない）夢が、あてどなく消えてゆくのを、
おぼゆ,"思われる,似ている,思い出される","考える,忘れる,隠す",亡き人にいとおぼえたまへるを、いといとほしと思ふに、,亡くなった人にとても似ていらっしゃるのを、本当にかわいそうだと思うと、
かしづく,"大切に育てる,大切に世話をする","捨てる,いじめる,放置する,忘れる",またなきものに思ひて、かしづきたまふを、,またとない（大切な）ものと思って、大切に育てなさるのを、
かたはらいたし,"きまりが悪い,苦々しい,気の毒だ","誇らしい,素晴らしい,常に",聞きゐたるもいとかたはらいたければ、,（そばで）聞いているのも実にきまりが悪い（苦々しい）ので、
きよらなり,"最高に美しい,華麗だ","汚い,粗末だ,平凡だ",かたち、いときよらにて、世にあるものとも思へず、,容貌が、この上なく美しくて、この世のものとも思えず、
ぐす,"連れて行く,備わる,連れ添う","一人で行く,捨てる,忘れる",法師を一人ぐして、門を出でて、京へとのぼるを、,法師を一人連れて、門を出て、京へとのぼるのを、
こころもとなし,"じれったい,気がかりだ,ぼんやりしている","安心だ,はっきりしている,満足だ,遅い",いつしかとこころもとなう待つを、誰も聞きゐたり。,「早く」とじれったく（待ち遠しく）待っているのを、誰もが聞いていた。
こころなし,"情趣を解さない,思いやりがない","情熱的だ,賢い,優しい",こころなき身にも、あはれは知られけり。,風流を解さない（出家した）身であっても、しみじみとした情趣は感じられるのだなあ。
さうざうし,"物足りない,寂しい","賑やかだ,満足だ,恐ろしい,忙しい",「何か、さうざうしう侍る。物語などせむ」と言へば、,「何か、物足りない（寂しい）気がいたします。お話をしましょう」と言うと、
さかし,"賢い,気丈だ,こざかしい","愚かだ,弱い,優しい",さかしき人、さること侍らずと言へば、いとうれしき心地して、,賢い（しっかりした）人が、そのようなことはございませんと言うと、とても嬉しい気持ちがして、
さらなり,"言うまでもない,もちろんだ","ありえない,初めてだ,常に",冬はいみじう寒き、さらなり。月もさし出でて、,冬はたいそう寒いのが（良いのは）、言うまでもない。月も差し出てきて、
しのぶ,"我慢する,人目を避ける,恋い慕う","目立つ,怒る,忘れる",いと忍びがたく、ねをなくを、え堪へたまはず、,実に我慢しがたく、声を上げて泣くのを、こらえきることができず、
すさまじ,"興ざめだ,殺風景だ","趣がある,賑やかだ,美しい,楽しい",すさまじきもの。冬の夜の、月もさし出でぬるが、,興ざめな（おもしろくない）もの。冬の夜、月が差し出ているのが、
すゑ,"下の句,子孫,終わり","上の句,先祖,始まり",歌のすゑを、いとよく書き隠したるを、,歌の下の句を、とても上手に書き隠しているのを、
たより,"ついで,手段,縁故,具合","無関係,邪魔,嘘",たよりあらむ人に問へ。いかですべきすべもなきを、,（事情に通じた）縁のある人に聞け。どうすればよいか手段もないのを、
つきづきし,"似つかわしい,ふさわしい","見苦しい,幼い,飽き飽きする",冬はいみじう寒き、つきづきしく、いとよきほどなるを、,冬はたいそう寒いのが、ふさわしく、とてもちょうど良い具合なのだが、
つれなし,"平然としている,冷淡だ,変化がない","驚いている,優しい,激しい",つれなう、のたまひ出だしたるを、誰も聞きゐたり。,平然として、おっしゃり出したのを、誰もが聞いていた。
ときめく,"寵愛を受ける,時流に乗って栄える","嫌われる,没落する,常に",いとど、ときめきたまふ御有様なり。いとあてに、やさしき姿なるを、,ますます、寵愛を受けなさっているご様子である。とても上品で、優雅な姿なのを、
ながむ,"ぼんやり見る,物思いにふける,詠む","急いで見る,走る,眠る",ひねもす、月を眺めて、歌など詠めるを、,一日中、物思いにふけって（ぼんやり見て）、歌などを詠んだのを、
なつかし,"親しみやすい,心ひかれる","嫌いだ,恐ろしい,現代風だ",いとなつかしき御有様なり。いとあてに、やさしき姿なるを、,とても親しみやすい（心ひかれる）ご様子である。とても上品で、優雅な姿なのを、
なまめかし,"優美だ,みずみずしい","野卑だ,汚い,古めかしい",いとなまめかしく、やさしき姿なり。色あひなども、いとをかしきに、,とても優美で、上品な姿である。色合いなども、非常に趣があるのに、
ねんず,"祈る,我慢する","叫ぶ,走る,怒る",いと忍びがたく、ねんじたまふを、え堪へたまはず、,実に堪え難く、我慢しなさるのを、こらえきることができず、
はしたなし,"中途半端だ,決まりが悪い,無遠慮だ","完璧だ,心地よい,優しい",はしたなう、のたまひ出だしたるを、誰も聞きゐたり。,（状況が中途半端で）決まり悪く、おっしゃり出したのを、誰もが聞いていた。
はづかし,"立派だ,気後れする","恥ずかしい,卑しい,愚かだ",はづかしき人の御有様なり。いとあてに、やさしき姿なるを、,（こちらが気後れするほど）立派な人のご様子である。とても上品で、優雅な姿なのを、
びんなし,"不都合だ,感心しない","都合が良い,素晴らしい,有名だ",いとびんなき御有様なり。何事か侍るらむと思ふに、,実に不都合な（感心しない）ご様子である。何事があるのだろうかと思うと、
ふびんなり,"気の毒だ,不都合だ","幸せだ,幸運だ,常に",いとふびんなる御有様なりければ、いといとほしと思ふに、,とても気の毒なご様子であったので、本当にかわいそうだと思うと、
まめなり,"誠実だ,実用的だ","浮気だ,嘘だ,華やかだ",まめやかに、あだなる心なき人を、,誠実に（まじめに）、浮気心のない人を、
めざまし,"気に食わない,目覚ましい","素晴らしい,易しい,常に",いとめざましき御有様なり。何事か侍るらむと思ふに、,実に気に食わない（心外な）ご様子である。何事があるのだろうかと思うと、
めでたし,"すばらしい,立派だ","見苦しい,粗末だ,愚かだ",いとめでたき筆の跡なり。いとあてに、やさしき姿なるを、,とてもすばらしい筆跡である。とても上品で、優雅な姿なのを、
やむごとなし,"高貴だ,捨てておけない,格別だ","卑しい,粗末だ,些細だ",やむごとなき御身のほど知られて、恐ろしきに、,高貴な（尊い）御身の程が知られて、恐ろしいのに、
ゆかし,"見たい,聞きたい,知りたい","見たくない,怖い,嫌だ",「いかなる所ならむ。いとゆかし」と思ひて、,「どのような場所だろうか。とても見たい（知りたい）」と思って、
よし,"理由,手段,由緒,趣","嘘,冗談,欠点",え行かまじきよしを、文に書きて、おこせたるを、,行くことができそうにない旨（理由）を、手紙に書いて、送ってきたのを、
わびし,"つらい,寂しい,みすぼらしい","楽しい,嬉しい,賑やかだ",いとわびしき御住まひを、いかにして慰めむと思ふに、,とてもつらい（寂しい）お住まいを、どうにかして慰めようと思うと、
をかし,"趣がある,美しい,滑稽だ","つまらない,恐ろしい,腹立たしい",いとをかしき夕暮れなり。月もさし出でて、夜を明かせるに、,とても趣がある夕暮れである。月も差し出てきて、夜を明かしている時に、
あかず,"満足しない,名残惜しい,見飽きない","満足だ,嫌いだ,常に",あかず、別れがたき御さまなり。いとど、悲しきを、,満足せず（名残惜しく）、別れがたいご様子である。いっそう、悲しいのだが、
あからさまなり,"ほんのちょっと,一時的だ","ずっと,永遠だ,完全に",あからさまに、門を出でて、京へとのぼるを、,ほんのちょっと、門を出て、京へとのぼるのを、
あさまし,"意外だ,驚きあきれる,情けない","予想通りだ,素晴らしい,常に",いとあさましき御有様なり。何事か侍るらむと思ふに、,実に驚きあきれる（意外な）ご様子である。何事があるのだろうかと思うと、
あそぶ,"管弦を楽しむ,遊び興じる","勉強する,働く,眠る",ひねもす、あそびをなして、夜を明かせるに、,一日中、管弦の遊び（音楽）をして、夜を明かしている時に、
あたらし,"もったいない,惜しい,素晴らしい","新しい,古い,卑しい",あたらしき人の御有様なり。え行かまじきよしを、,（死なせるには）もったいない人のご様子である。行くことができそうにない旨を、
あながちなり,"強引だ,むやみだ,一途だ","控えめだ,穏やかだ,嘘だ",あながちに、このかぐや姫を得てしがなと思ふに、,強引に（むやみに）、このかぐや姫を手に入れたいものだと思うのに、
あやし,"不思議だ,身分が低い,見苦しい","当然だ,高貴だ,立派だ",あやしき屋に、一人臥したまへるを、いといとほしと思ふに、,見窄らしい（身分が低い）家に、一人横になっていらっしゃるのを、本当にかわいそうだと思うと、
あらまほし,"望ましい,そうありたい","嫌だ,恐ろしい,卑しい",あらまほしき人の御有様なり。いとあてに、やさしき姿なるを、,望ましい（理想的な）人のご様子である。とても上品で、優雅な姿なのを、
いぎたなし,"寝坊だ,ぐっすり寝ている","目が冴えている,賢い,優しい",いぎたなき人を、おどろかしたまへるに、,寝坊している人を、起こしなさる時に、
いそぐ,"準備する,急ぐ","休む,止める,忘れる",門出をいそぐ。あまたの人、門を出でて、京へとのぼるを、,門出の準備をする。たくさんの人が、門を出て、京へとのぼるのを、
いたづらなり,"無駄だ,手持ち無沙汰だ,虚しい","有益だ,忙しい,素晴らしい",いたづらに、日を明かしつれば、いとこうじて、,無駄に（何もせず）、一日を過ごしてしまったので、たいそう疲れて、
いとほし,"気の毒だ,かわいい","憎らしい,立派だ,恐ろしい",若き人々、いといとほし。いかなる罪ありて、かくなるらむ。,若い人々が、本当にかわいそうだ（または、かわいい）。どのような罪があって、こうなるのだろうか。
いふかひなし,"どうしようもない,情けない,つまらない","素晴らしい,立派だ,確実だ",いふかひなき夢の、はかなく消えゆくを、,どうしようもない（情けない）夢が、あてどなく消えてゆくのを、
いまいまし,"不吉だ,慎むべきだ","縁起が良い,楽しい,常に",いまいましき御有様なり。何事か侍るらむと思ふに、,不吉なご様子である。何事があるのだろうかと思うと、
うたて,"不快だ,異様に,情けなく","愉快だ,正常に,常に",うたて、おぼおぼしき御有様なりければ、,不快に（気味悪く）、はっきりしないご様子であったので、
うちつけなり,"突然だ,軽率だ,ぶしつけだ","予定通りだ,慎重だ,丁寧だ",うちつけに、月のさし出づるも、いととし。,突然に、月が差し出るのも、とても早い。
うたてし,"不快だ,嘆かわしい,嫌だ","心地よい,素晴らしい,優しい",いとうたてしと思ふに、いとど悲しきを、,実に不快だ（嫌だ）と思うと、いっそう悲しいのだが、
うつろふ,"色あせる,変わる,移る","変わらない,咲く,始まる",花の色はうつりにけりな。いたづらに、,花の色は色あせてしまったなあ。無駄に、
おこたる,"病気がよくなる,中断する,怠る","病気が悪化する,始める,働く",病、いとおこたりたまへるを、いとうれしき心地して、,病気が、たいそう良くなられたのを、とても嬉しい気持ちがして、
おほけなし,"身の程知らずだ,分不相応だ","謙虚だ,相応だ,立派だ",おほけなき心、いとど、身のほど知られて、恐ろし。,身の程知らずな心（は）、ますます、自分の身の程が知られて、恐ろしい。
かたくななり,"頑固だ,無風流だ,見苦しい","素直だ,風流だ,美しい",かたくななる人の、え書くまじき筆の跡なりければ、,無風流な人が、書くことができそうにない筆跡であったので、
かたし,"難しい,めったにない,～にくい","易しい,普通だ,常に",え堪へたまふまじう、かたき御有様なりければ、,こらえきることができそうもなく、難しいご様子であったので、
かなし,"愛しい,悲しい","憎らしい,楽しい,常に",いとらうたし、かなしと思ひて、かしづきたまふを、,とても可愛らしい、愛しいと思って、大切に育てなさるのを、
きこゆ,"聞こえる,申し上げる,評判になる","見る,下さる,隠す",「ここに侍る」ときこゆれば、いとうれしき心地して、,「ここにございます」と申し上げると、とても嬉しい気持ちがして、
きはやか近し,"はっきりしている,際立っている","曖昧だ,汚い,平凡だ",きはやかに、月のさし出づるも、いととし。,はっきりと（際立って）、月が差し出るのも、とても早い。
くまなし,"陰りがない,抜け目がない","暗い,鈍い,嘘だ",くまなき月の光、いとけざやかにさし出でて、,陰りがない（明るい）月の光が、とてもはっきりと差し出て、
けしからず,"異様だ,悪い,不都合だ","普通だ,良い,当然だ",いとけしからぬ御有様なり。何事か侍るらむと思ふに、,実に異様な（普通ではない）ご様子である。何事があるのだろうかと思うと、
けしき,"様子,機嫌,兆候","名前,景色,嘘",人のけしき、いとおぼつかなきを、いかにして慰めむ。,人の様子が、とてもはっきりしないのを、どうにかして慰めよう。
ここら,"たくさん,たいそう","少し,決して,まさか",ここらに、おもしろき様なり。筆の運びなども、,たくさん（たいそう）、趣深い様子である。筆の運びなども、
こころうし,"つらい,情けない,嫌だ","楽しい,誇らしい,優しい",いとこころうき御有様なりければ、え堪へたまはず、,とてもつらい（情けない）ご様子であったので、こらえきることができず、
こころざし,"愛情,贈り物,志","憎しみ,盗み,嘘",こころざしある人の、文に書きて、おこせたるを、,愛情（または、贈り物）がある人が、手紙に書いて、送ってきたのを、
こころにくし,"奥ゆかしい,上品だ","見苦しい,下品だ,恐ろしい",いとこころにくき御有様なり。いとあてに、やさしき姿なるを、,実に奥ゆかしいご様子である。とても上品で、優雅な姿なのを、
さかし,"賢い,気丈だ,こざかしい","愚かだ,弱い,優しい",さかしき人、さること侍らずと言へば、いとうれしき心地して、,賢い（しっかりした）人が、そのようなことはございませんと言うと、とても嬉しい気持ちがして、
さがなし,"意地が悪い,いたずらだ","優しい,素直だ,静かだ",さがなき童べの、あしき事をのみ言ふを、,いたずらな（意地の悪い）子供たちが、悪い事ばかりを言うのを、
さうなき,"類ない,二つとない,簡単に～ない","ありふれた,難しい,常に",さうなきものに思ひて、かしづきたまふを、,類ない（二つとない）ものに思って、大切に育てなさるのを、
しどけなし,"くつろいでいる,だらしない","きちんとしている,緊張している,常に",しどけなう、のたまひ出だしたるを、誰も聞きゐたり。,くつろいで（または、だらしなく）、おっしゃり出したのを、誰もが聞いていた。
しろしめす,"お治めになる,知っていらっしゃる","知らない,捨てる,忘れる",天下をしろしめす。いとあてに、やさしき姿なり。,天下をお治めになる。とても上品で、優雅な姿である。
すくせ,"前世からの因縁,宿命","未来,偶然,嘘",すくせ、いとしるし。月もさし出でて、夜を明かせるに、,前世の因縁（宿命）が、とてもはっきりしている。月も差し出てきて、夜を明かしている時に、
たがふ,"違う,背く","同じだ,従う,常に",人目にもたがはず、いとうるはしき御住まひを、,人目（の予想）にも違わず、とてもきちんとしたお住まいを、
たゆむ,"油断する,怠る,油断させる","緊張する,続ける,働く",たゆまぬ心に、思ひつづけて臥したまへるを、,油断しない心で、思い続けて横になっていらっしゃるのを、
つきなし,"ふさわしくない,似合わない","ふさわしい,素晴らしい,常に",いとつきなき御有様なり。何事か侍るらむと思ふに、,実にふさわしくない（似合わない）ご様子である。何事があるのだろうかと思うと、
つれづれなり,"退屈だ,物寂しい,しんみりとする","忙しい,賑やかだ,楽しい",つれづれなるままに、日を明かしつれば、,退屈であるのに任せて（所在ないまま）、一日を過ごしてしまったので、
なつかし,"親しみやすい,心ひかれる","嫌いだ,恐ろしい,現代風だ",いとなつかしき御有様なり。いとあてに、やさしき姿なるを、,とても親しみやすい（心ひかれる）ご様子である。とても上品で、優雅な姿なのを、
におふ,"つややかに美しい,香る","汚い,臭い,色あせる",いとにほひやかに、やさしき姿なり。色あひなども、,実につややかに美しく、優雅な姿である。色合いなども、
ねんず,"祈る,我慢する","叫ぶ,走る,怒る",いと忍びがたく、ねんじたまふを、え堪へたまはず、,実に堪え難く、我慢しなさるのを、こらえきることができず、
ののしる,"大騒ぎする,評判になる,威勢がいい","静かにする,無名だ,眠る",いとののしりて、門を出でて、京へとのぼるを、,たいそう大騒ぎして、門を出て、京へとのぼるのを、
はしたなし,"中途半端だ,決まりが悪い,無遠慮だ","完璧だ,心地よい,優しい",はしたなう、のたまひ出だしたるを、誰も聞きゐたり。,（状況が中途半端で）決まり悪く、おっしゃり出したのを、誰もが聞いていた。
はづかし,"立派だ,気後れする","恥ずかしい,卑しい,愚かだ",はづかしき人の御有様なり。いとあてに、やさしき姿なるを、,（こちらが気後れするほど）立派な人のご様子である。とても上品で、優雅な姿なのを、
めざまし,"気に食わない,目覚ましい","素晴らしい,易しい,常に",いとめざましき御有様なり。何事か侍るらむと思ふに、,実に気に食わない（心外な）ご様子である。何事があるのだろうかと思うと、
めでたし,"すばらしい,立派だ","見苦しい,粗末だ,愚かだ",いとめでたき筆の跡なり。いとあてに、やさしき姿なるを、,とてもすばらしい筆跡である。とても上品で、優雅な姿なのを、
あきらむ,"明らかにする,心を晴らす","諦める,隠す,忘れる",いかであきらむべき。何事か侍るらむと思ふに、,どのように明らかにする（解決する）のがよいか。何事があるのだろうかと思うと、
あくがる,"魂が抜け出る,浮かれ歩く","落ち着く,留まる,眠る",心もあくがれて、いづくへかとまどふを、,心も上の空になって（魂が抜けて）、どこへ行くのかと慌て迷うのを、
あさむ,"驚きあきれる,軽蔑する","感心する,喜ぶ,常に",いとあさみたまへる御有様なり。何事か侍るらむ、,たいそう驚きあきれていらっしゃるご様子である。何事があるのだろうか、
あつかふ,"世話をする,もてあます,噂する","捨てる,無視する,壊す",いとよくあつかひたまへり。色あひなども、いとをかし。,とてもよくお世話（取り扱い）なさっている。色合いなども、非常に趣がある。
あはれなり,"しみじみと趣深い,愛しい,気の毒だ","つまらない,憎らしい,常に",あはれなる御住まひ、いとあてに見ゆるを、,しみじみと趣深いお住まいが、とても上品に見えるのを、
いうなり,"優美だ,上品だ,堪能だ","野卑だ,汚い,愚かだ",いといふに、やさしき姿なり。色あひなども、いとをかし。,とても優美で、上品な姿である。色合いなども、非常に趣がある。
いぎたなし,"寝坊だ,ぐっすり寝ている","目が冴えている,賢い,優しい",いぎたなき人を、おどろかしたまへるに、,寝坊している人を、起こしなさる時に、
いさ　（副詞）,"さあ（どうかな）,さあ知らない","はい,確かに,決して",「いさ、知らず」といらふを、げになど思へるさまにて、,「さあ、知りません」と返事をするのを、本当に（知らない）などと思っている様子で、
いそぐ,"準備する,急ぐ","休む,止める,忘れる",門出をいそぐ。あまたの人、門を出でて、京へとのぼるを、,門出の準備をする。たくさんの人が、門を出て、京へとのぼるのを、
いたはし,"気の毒だ,大切にしたい","憎らしい,邪魔だ,恐ろしい",いといたはしき御有様なり。いといとほしと思ふに、,（苦労が目立ち）気の毒なご様子である。本当にかわいそうだと思うと、
いづら,"どこ,どちら","あちら,決して,まさか",「いづら、我は知らず。心あらむ人に問へ」とて、,「どこ（だ）、私は知らない。情趣のわかる人に聞け」と言って、
いとふ,"嫌う,厭世する","好む,喜ぶ,慈しむ",世をいとひたまへる御有様、いとあてに見ゆるを、,世を嫌い（出家し）なさっているご様子が、とても上品に見えるのを、
いまめかし,"現代風だ,華やかだ","古風だ,地味だ,汚い",いまめかしき御有様なり。いとあてに、やさしき姿なるを、,現代風で華やかなご様子である。とても上品で、優雅な姿なのを、
うしろめたなし,"安心だ,頼もしい","不安だ,気がかりだ,常に",うしろめたなき御有様なり。何事も任せたまへれば、,安心な（頼もしい）ご様子である。何事も（あの方に）お任せになっているので、
うたて,"不快だ,異様に,情けなく","愉快だ,正常に,常に",うたて、おぼおぼしき御有様なりければ、,不快に（気味悪く）、はっきりしないご様子であったので、
うたてし,"不快だ,嘆かわしい","心地よい,素晴らしい,優しい",いとうたてしと思ふに、いとど悲しきを、,実に不快だ（嫌だ）と思うと、いっそう悲しいのだが、
うつはもの,"才能,器量,道具","無能,容貌,嘘",うつはものある人の、え書くまじき筆の跡なり、,才能のある人が、書くことができそうにない筆跡である、
うとむ,"疎遠にする,嫌う","親しむ,好む,慈しむ",人をうとみたまへる御有様、いといとほしと思ふに、,人を疎遠にしていらっしゃるご様子、本当にかわいそうだと思うと、
おきつ,"取り計らう,指図する,心に決める","忘れる,怒る,壊す",「かの方におきてたまへ」とのたまふを、承りて出でぬ。,「あちらの方で取り計らってください」とおっしゃるのを、承って（部屋を）出た。
おくらす,"後に残す,先立たれる","連れて行く,先に行く,忘れる",世におくらしたまへる、いとど、悲しきを、,世に（自分を）後に残しなさった（先立たれた）のが、いっそう悲しいのだが、
おこなふ,"仏道修行をする,処理する","遊ぶ,怠る,眠る",日夜におこなふ。いとあてに、やさしき姿なり。,日夜（仏道の）修行をする。とても上品で、優雅な姿である、
おとなし,"大人びている,分別がある","幼い,愚かだ,騒がしい",いとおとなしく、やさしき姿なり。色あひなども、,とても大人びていて（分別があり）、優雅な姿である。色合いなども、
かたくななり,"頑固だ,教養がない","素直だ,風流だ,美しい",かたくななる人の、え書くまじき筆の跡なりければ、,無風流な（教養のない）人が、書くことができそうにない筆跡であったので、
かしこまる,"恐縮する,正座する","威張る,怒る,走る",かしこまりて、御前にはやくまゐりたまへ。,恐縮して（お礼や謝罪のために）、御前へ早く参上しなさい。
かごと,"言い訳,愚痴","真実,秘密,贈り物",かごとのみ言ひて、思ひつづけて臥したまへるに、,言い訳（愚痴）ばかり言って、思い続けて横になっていらっしゃる時に、
かたちをかふ,出家する,"化粧をする,整形する,常に",かたちをかへたまへる御有様、いとあてに見ゆるを、,出家なさったご様子が、とても上品に見えるのを、
かど　（名詞）,"才能,家柄,角","無能,嘘,贈り物",かどある人の、え書くまじき筆の跡なりければ、,才能のある人が、書くことができそうにない筆跡であったので、
かなふ,"合致する,思い通りになる","違う,失敗する,常に",心にかなひたる御有様、いとうれしき心地して、,思い通りになったご様子、とても嬉しい気持ちがして、
かまふ,"準備する,組み立てる,計画する","壊す,怠る,忘れる",いとよくかまへたまへり。色あひなども、いとをかし。,とてもよく準備（計画）なさった。色合いなども、非常に趣がある。
きはやか　（形容動詞）,"はっきりしている,際立っている","曖昧だ,汚い,平凡だ",きはやかに、月のさし出づるも、いととし。,はっきりと（際立って）、月が差し出るのも、とても早い。
けうらなり,清らかで美しい,"汚い,粗末だ,常に",いとけうらに、やさしき姿なり。色あひなども、,とても清らかで美しく、優雅な姿である。色合いなども、
けしきばむ,"様子が外に現れる,気を持たせる","隠す,黙る,眠る",いとけしきばみたる御有様、いといとほしと思ふに、,（心情が）様子に現れているご様子、本当にかわいそうだと思うと、
こしらふ,"なだめる,説得する","怒る,突き放す,忘れる",いとよくこしらへたまへり。色あひなども、いとをかし。,とてもよく（心を）なだめなさった。色合いなども、非常に趣がある。
こころうし　（形容詞）,"つらい,情けない","楽しい,誇らしい,優しい",いとこころうき御有様なりければ、え堪へたまはず、,とてもつらい（情けない）ご様子であったので、こらえきることができず、
こころあり,"情趣を解する,分別がある","無風流だ,愚かだ,常に",こころある人の、え書くまじき筆の跡なりければ、,情趣のわかる人が、書くことができそうにない筆跡であったので、
こころぐるし,"気の毒だ,気掛かりだ","心地よい,羨ましい,常に",いとこころぐるしき御有様、いといとほしと思ふに、,とても気の毒なご様子、本当にかわいそうだと思うと、
さうなし　（双無し）,"類いない,二つとない","ありふれた,劣る,常に",世にさうなきものに思ひて、かしづきたまふを、,世に類ないものと思って、大切に育てなさるのを、
さうなし　（左右無し）,"簡単だ,決着がつかない","難しい,複雑だ,常に",さうなう、門を出でて、京へとのぼるを、,簡単に（ためらわず）、門を出て、京へとのぼるのを、
さうざうし,"物足りない,寂しい","満足だ,賑やかだ,恐ろしい",「何か、さうざうしう侍る。物語などせむ」と言へば、,「何か、物足りない気がいたします。お話をしましょう」と言うと、
ざえ,"学問,漢字の知識","無知,体力,嘘",ざえある人の、え書くまじき筆の跡なりければ、,学問（才）のある人が、書くことができそうにない筆跡であったので、
さかし　（形容詞）,"賢い,しっかりしている","愚かだ,弱い,優しい",さかしき人、さること侍らずと言へば、いとうれしき心地して、,賢い（しっかりした）人が、そのようなことはございませんと言うと、とても嬉しい気持ちがして、
さかしら　（名詞）,"おせっかい,知ったかぶり","謙虚,無知,沈黙",さかしらするを、いとかたわらいたければ、,おせっかいをするのが、実に苦々しい（きまり悪い）ので、
さる,"避ける,辞退する,去る","迎える,受ける,常に",えさるまじき御有様なりければ、承りて出でぬ。,避ける（断る）ことができそうにないご様子だったので、承って（部屋を）出た。
すごし　（形容詞）,"殺風景だ,寂しい,すばらしい","賑やかだ,楽しい,汚い",いとすごう、おもしろき夕暮れなり。月もさし出でて、,とても寂しく（殺風景だが）趣深い夕暮れである。月も差し出てきて、
たがふ,"違う,背く","同じだ,従う,常に",人目にもたがはず、いとうるはしき御住まひを、,人目（の予想）にも違わず、とてもきちんとしたお住まいを、
たづねる,"探し求める,調査する","捨てる,忘れる,壊す",いづくへかと思ひたづぬるを、いといとほしと思ふに、,どこへ（行ったのか）と探し求めるのを、本当にかわいそうだと思うと、
ちぎり,"約束,前世からの縁","偶然,嘘,贈り物",ちぎり、いとしるし。月もさし出でて、夜を明かせるに、,（前世の）縁が、とてもはっきりしている。月も差し出てきて、夜を明かしている時に、
なめし　（形容詞）,"無礼だ,失礼だ","丁寧だ,優しい,謙虚だ",いとなめき人の御有様なりければ、いとど、身のほど知られて、,とても無礼な人のご様子であったので、ますます、自分の身の程が知られて、
ひたぶるなり,"一途だ,むやみだ","いい加減だ,迷っている,常に",ひたぶるに、このかぐや姫を得てしがなと思ふに、,一途に（むやみに）、このかぐや姫を手に入れたいものだと思うのに、
ものもおぼえず,"呆然としている,無我夢中だ","冷静だ,賢い,眠っている",ものもおぼえず、いづくへかとまどふを、,呆然として（何も考えられず）、どこへ行くのかと慌て迷うのを、